Workbook

Sheet Categories
B1: 1 | C1: 2 | D1: 3 | F1: 4 | G1: 5 | H1: 6
B2: TECHNIQUE LEVEL | C2: EXERCISE NAME | D2: EXERCISE TOOL | F2: UNIT TÍNH | G2: EXERCISE TYPE | H2: MUSCLE TYPE | J2: MOVEMENT
E3: Bodyweight | F3: (Theo bodyweight người tập) | G3: Cardio | H3: Chest | J3: Push | Press
E4: Resistance Band | F4: (Theo mức dây band) | G4: Hypertrophy | H4: Triceps | J4: Vertical Pull
D5: Free Weight | E5: Barbell | F5: (Theo Plate tạ) | G5: Stability | H5: Deltoid | J5: Horizontal Pull
E6: Plate | F6: (Theo mức Plate tạ) | G6: Power | H6: Trap
E7: Dumbbell | F7: (Theo mức tạ dumbbell) | G7: Warm-up | H7: Lats
E8: Kettlebell | F8: (Theo mức tạ kettlebell) | G8: Strength | H8: Biceps
E9: Ez Bar | F9: (Theo mức plates trên machine) | G9: Endurance | H9: Quads
D10: Weighted Machine | E10: Cable Machine | G10: Mobility | H10: Adductor
E11: Power Rack | H11: Glutes
E12: Dual Lat Machine | H12: Hamstrings
E13: Standing Calf Raise Machine | H13: Calves
E14: Leg Press Machine | H14: Upper Back
E15: Leg Curl Machine | H15: Abdominals
E16: Leg Extension | H16: Abductors
E17: Chest Fly Machine | H17: Forearms
E18: Seated Calf Raise Machine | H18: Lower Back
E19: Back Extension Machine
D24: Cardio Machine | E24: Bicycle Machine
E25: Rowing Machine
E26: Stair Climber Machine
E27: Treadmill
D30: Others | E30: Ab Wheel
E31: Medicine Ball
E32: Box
E33: Farmers Walk Handles
E34: Sled Push
E35: Jump rope
E36: Supension
E37: Slant Board
E38: Trap Bar
E39: Med Ball
E40: Smith Machine
E41: Swiss Ball
E42: GHD Machine
... E44: Battle Rope

Sheet Exercise Library
B1: Nguyên khúc này là để phân loại, filter, tìm exercise dễ hơn khi lên Program cho khách / cho mình | K1: Cách tính volumn unit A | N1: Cách tính Volumn unit Ax trên từng nhóm cơ, ở từng bài tập
E2: Mỗi exercise có thể có <= 3 exercise type. Thứ tự ưu tiên = nhau. | H2: Mỗi exercise có thể có <= 3 muscle type chính Thứ tự ưu tiên = nhau. | K2: A = SET * REPS | N2: A1 = A * 100% nếu A1 là Primary A1 = A * 50% nếu A1 là Secondary A1 = A * 33,33% nếu A1 là Teriary A1 = A * 25% nếu A1 là Quarter Tổng volumn unit trên từng nhóm cơ, ở tất cả các bài tập B = tổng all A1
K3: SET | L3: REPS | M3: LOAD | N3: VOLUMN UNIT BY MUSCLE GROUP
B4: EXERCISE INFORMATION | E4: CATEGORIES BY EXERCISE TYPE | H4: CATEGORIES BY MUSCLE TYPE | N4: CHEST | O4: DELTOID | P4: TRAP | Q4: BICEPS | R4: TRICEPS | S4: UPPER BACK | T4: LOWER BACK | U4: SERRATUS ANTERIOR | V4: LAT | W4: QUADS | X4: ADDUCTOR | Y4: GLUTES | Z4: HAMSTRING | AA4: ABDOMINALS | AC4: CALF
B5: TECHNIQUE LEVEL | C5: EXERCISE | D5: TOOL | E5: EXERCISE TYPE | F5: EXERCISE TYPE | G5: EXERCISE TYPE | H5: MUSCLE TYPE | I5: MUSCLE TYPE | J5: MUSCLE TYPE | K5: Mỗi exercise có thể được perform nhiều set trong 1 tuần, từ 0 - 50 | L5: Mỗi set có thể có nhiều rep, từ 1 - 50 | M5: Load là số kg tạ được sử dụng cho mỗi set bài tập | N5: A1 | O5: A2 | P5: A3 | Q5: A4 | R5: A5 | S5: A6 | T5: A7 | U5: A8 | V5: A9 | W5: A10 | X5: A11 | Y5: A12 | Z5: A13 | AA5: A14 | AB5: A15 | AC5: A16
A6: 1 | B6: Easy | C6: Standing Low Pulley Chest Press (Cable) | D6: Cable Machine | E6: Hypertrophy | H6: Chest | N6: P | O6: S | R6: S | U6: Z
A7: 2 | B7: Easy | C7: Standing Mid Pulley Chest Press (Cable) | D7: Cable Machine | E7: Hypertrophy | H7: Chest | N7: P | O7: S | R7: S | U7: Z
A8: 3 | B8: Easy | C8: Standing high Pulley Chest Press (Cable) | D8: Cable Machine | E8: Hypertrophy | H8: Chest | N8: P | O8: S | R8: S | U8: Z
A9: 4 | B9: Intermediate | C9: Flat Chest Press (Dumbbell) | D9: Dumbbell | E9: Hypertrophy | F9: Strength | H9: Chest | N9: P | O9: S | R9: S | U9: Z
A10: 5 | B10: Intermediate | C10: Incline Chest Press (Dumbbell) | D10: Dumbbell | E10: Hypertrophy | F10: Strength | H10: Chest | N10: P | O10: S | R10: S | U10: Z
A11: 6 | B11: Intermediate | C11: Decline Chest Press (Dumbbell) | D11: Dumbbell | E11: Hypertrophy | F11: Strength | H11: Chest | N11: P | O11: S | R11: S | U11: Z
A12: 7 | B12: Advanced | C12: Decline Chest Press (Barbell) | D12: Barbell | E12: Strength | F12: Hypertrophy | H12: Chest | N12: P | O12: S | R12: S | U12: Z
A13: 8 | B13: Advanced | C13: Incline Chest Press (Barbell) | D13: Barbell | E13: Strength | F13: Hypertrophy | H13: Chest | N13: P | O13: S | R13: S | U13: Z
A14: 9 | B14: Advanced | C14: Decline Chest Press (Barbell) | D14: Barbell | E14: Strength | F14: Hypertrophy | H14: Chest | N14: P | O14: S | R14: S | U14: Z
A15: 10 | B15: Easy | C15: Standing Low Pulley Chest Fly (Cable) | D15: Cable Machine | E15: Hypertrophy | H15: Chest | N15: P | O15: S | Q15: S | U15: Z
A16: 11 | B16: Easy | C16: Standing Mid Pulley Chest Fly (Cable) | D16: Cable Machine | E16: Hypertrophy | H16: Chest | N16: P | O16: S | Q16: S | U16: Z
A17: 12 | B17: Easy | C17: Standing high Pulley Chest Fly (Cable) | D17: Cable Machine | E17: Hypertrophy | H17: Chest | N17: P | O17: S | Q17: S | U17: Z
A18: 13 | B18: Easy | C18: Pec Dec (Chest Fly Machine) | D18: Chest Fly Machine | E18: Hypertrophy | H18: Chest | N18: P | O18: S | Q18: S | U18: Z
A19: 14 | B19: Intermediate | C19: Flat Chest Fly (Dumbbell) | D19: Dumbbell | E19: Hypertrophy | H19: Chest | N19: P | O19: S | Q19: S | U19: Z
A20: 15 | B20: Intermediate | C20: Incline Chest Fly (Dumbbell) | D20: Dumbbell | E20: Hypertrophy | H20: Chest | N20: P | O20: S | Q20: S | U20: Z
A21: 16 | B21: Intermediate | C21: Decline Chest Fly (Dumbbell) | D21: Dumbbell | E21: Hypertrophy | H21: Chest | N21: P | O21: S | Q21: S | U21: Z
A22: 17 | B22: Intermediate | C22: Suspension Chest Fly (Supension) | D22: Supension | E22: Hypertrophy | F22: Stability | H22: Chest | N22: P | O22: S | Q22: S | U22: Z
A23: 18 | B23: Easy | C23: Assisted Dip (Band) | D23: Resistance Band | E23: Hypertrophy | F23: Strength | H23: Triceps | N23: S | O23: S | R23: P | U23: Z
A24: 19 | B24: Intermediate | C24: Dip (Body Weight) | D24: Bodyweight | E24: Hypertrophy | F24: Strength | H24: Triceps | N24: S | O24: S | R24: P | U24: Z
A25: 20 | B25: Advanced | C25: Weighted Dip (Plate) | D25: Plate | E25: Hypertrophy | F25: Strength | H25: Triceps | N25: S | O25: S | R25: P | U25: Z
A26: 21 | B26: Easy | C26: Band Assisted Push up (Band) | D26: Resistance Band | E26: Hypertrophy | F26: Strength | H26: Chest | N26: P | O26: S | R26: S | U26: Z | AA26: C
A27: 22 | B27: Intermediate | C27: Normal Push up (Bodyweight) | D27: Bodyweight | E27: Hypertrophy | F27: Strength | H27: Chest | N27: P | O27: S | R27: S | U27: Z | AA27: C
A28: 23 | B28: Intermediate | C28: Kneeling Push up (Bodyweight) | D28: Bodyweight | E28: Hypertrophy | F28: Strength | H28: Chest | N28: P | O28: S | R28: S | U28: Z
A29: 24 | B29: Intermediate | C29: Box Push up (Bodyweight) | D29: Bodyweight | E29: Hypertrophy | F29: Strength | H29: Chest | N29: P | O29: S | R29: S | U29: Z
A30: 25 | B30: Intermediate | C30: Counter Push up (Bodyweight) | D30: Bodyweight | E30: Hypertrophy | F30: Strength | H30: Chest | N30: P | O30: S | R30: S | U30: Z
A31: 26 | B31: Advanced | C31: Band Push up (Plate) | D31: Plate | E31: Hypertrophy | F31: Strength | H31: Chest | N31: P | O31: S | R31: S | U31: Z | AA31: C
A32: 27 | B32: Advanced | C32: Plate Push up (Plate) | D32: Plate | E32: Hypertrophy | F32: Strength | H32: Chest | N32: P | O32: S | R32: S | U32: Z | AA32: C
A33: 28 | B33: Advanced | C33: Chain Push up (Plate) | D33: Plate | E33: Hypertrophy | F33: Strength | H33: Chest | N33: P | O33: S | R33: S | U33: Z | AA33: C
A34: 29 | B34: Easy | C34: Shoulder Press (Dumbbell) | D34: Dumbbell | E34: Hypertrophy | F34: Strength | H34: Deltoid | O34: P
A35: 30 | B35: Easy | C35: Should Press (Barbell) | D35: Barbell | E35: Hypertrophy | F35: Strength | H35: Deltoid | O35: P
A36: 31 | B36: Easy | C36: Shoulder Press (Smith Machine) | D36: Smith Machine | E36: Hypertrophy | F36: Strength | H36: Deltoid | O36: P | R36: S | U36: C
A37: 32 | B37: Easy | C37: Shoulder Press (Cable Machine) | D37: Cable Machine | E37: Hypertrophy | F37: Strength | H37: Deltoid | O37: P | R37: S | U37: C
A38: 33 | B38: Intermediate | C38: Seated Shoulder Press (Dumbbell) | D38: Dumbbell | E38: Hypertrophy | F38: Strength | H38: Deltoid | O38: P | R38: S | U38: C
A39: 34 | B39: Intermediate | C39: Standing Shoulder Press (Dumbbell) | D39: Dumbbell | E39: Hypertrophy | F39: Strength | H39: Deltoid | O39: P
A40: 35 | B40: Intermediate | C40: Seated One Arm Shoulder Press (Dumbbell) | D40: Dumbbell | E40: Hypertrophy | F40: Strength | G40: Stability | H40: Deltoid | O40: P | R40: S | U40: C
A41: 36 | B41: Intermediate | C41: Standing One Arm Shoulder Press (Dumbbell) | D41: Dumbbell | E41: Hypertrophy | F41: Strength | G41: Stability | H41: Deltoid | O41: P | R41: S | U41: C
A42: 37 | B42: Advanced | C42: Seated Shoulder Press (Barbbell) | D42: Barbell | E42: Hypertrophy | F42: Strength | H42: Deltoid | O42: P | R42: S | U42: C
A43: 38 | B43: Advanced | C43: Standing Shoulder Press (Barbbell) | D43: Barbell | E43: Hypertrophy | F43: Strength | H43: Deltoid | O43: P | R43: S | U43: C
A44: 39 | B44: Advanced | C44: Seated Landmine Shoulder Press (Barbbell) | D44: Barbell | E44: Hypertrophy | F44: Strength | H44: Deltoid | O44: P | R44: S | U44: C
A45: 40 | B45: Advanced | C45: Standing Landmine Shoulder Press (Barbbell) | D45: Barbell | E45: Hypertrophy | F45: Strength | H45: Deltoid | O45: P | R45: S | U45: C
A46: 41 | B46: Advanced | C46: Seated Behind the Neck Shoulder Press (Barbbell) | D46: Barbell | E46: Hypertrophy | F46: Strength | H46: Deltoid | O46: P | R46: S | U46: C
A47: 42 | B47: Advanced | C47: Standing Behind the Neck Shoulder Press (Barbbell) | D47: Barbell | E47: Hypertrophy | F47: Strength | H47: Deltoid | O47: P | R47: S | U47: C
A48: 43 | B48: Easy | C48: Rope Front Shoulder Raise (Cable) | D48: Cable Machine | E48: Hypertrophy | H48: Deltoid | O48: P
A49: 44 | B49: Easy | C49: Cable Upright Row Shoulder Raise (Cable) | D49: Cable Machine | E49: Hypertrophy | H49: Deltoid | I49: Trap | O49: P | P49: P | Q49: S
A50: 45 | B50: Easy | C50: Cable Y Lateral Shoulder Raise (Cable) | D50: Cable Machine | E50: Hypertrophy | H50: Deltoid | O50: P | P50: S
A51: 46 | B51: Easy | C51: Cable One Arm Lateral Shoulder Raise (Cable) | D51: Cable Machine | E51: Hypertrophy | H51: Deltoid | O51: P | P51: S
A52: 47 | B52: Easy | C52: Cable Lying Lateral Shoulder Raise (Cable) | D52: Cable Machine | E52: Hypertrophy | H52: Deltoid | O52: P | P52: S
A53: 48 | B53: Easy | C53: Cable Pull Across Bent (Cable) | D53: Cable Machine | E53: Hypertrophy | H53: Deltoid | O53: P | P53: S
A54: 49 | B54: Easy | C54: Cable Pull Straight Arm (Cable) | D54: Cable Machine | E54: Hypertrophy | H54: Deltoid | O54: P | P54: S
A55: 50 | B55: Easy | C55: Supported Rear Delt Fly (Cable) | D55: Cable Machine | E55: Hypertrophy | H55: Deltoid | O55: P | P55: S
A56: 51 | B56: Easy | C56: Face Pull (Cable) | D56: Cable Machine | E56: Hypertrophy | H56: Deltoid | I56: Trap | O56: P | P56: P | Q56: S
A57: 52 | B57: Easy | C57: Dumbbell Front Shoulder Raise (Dumbbell) | D57: Dumbbell | E57: Hypertrophy | H57: Deltoid | O57: P
A58: 53 | B58: Easy | C58: Prone Front Shoulder Raise (Dumbbell) | D58: Dumbbell | E58: Hypertrophy | H58: Deltoid | O58: P
A59: 54 | B59: Easy | C59: Lateral Raise (Dumbbell) | D59: Dumbbell | E59: Hypertrophy | H59: Deltoid | O59: P | P59: S
A60: 55 | B60: Easy | C60: Prone Y Shoulder Raise (Dumbbell) | D60: Dumbbell | E60: Hypertrophy | H60: Deltoid | O60: P | P60: S
A61: 56 | B61: Easy | C61: Rear Delt Fly (Dumbbell) | D61: Dumbbell | E61: Hypertrophy | H61: Deltoid | O61: P | P61: S
A62: 57 | B62: Intermediate | C62: Weighted Upright Row (Dumbbell) | D62: Dumbbell | E62: Hypertrophy | H62: Deltoid | I62: Trap | O62: P | P62: P | Q62: S
A63: 58 | B63: Intermediate | C63: Weighted Upright Row (Barbell) | D63: Dumbbell | E63: Hypertrophy | H63: Deltoid | O63: P | P63: P | Q63: S
A64: 59 | B64: Easy | C64: Weighted Shrug (Dumbbell) | D64: Dumbbell | E64: Hypertrophy | H64: Trap | P64: P
A65: 60 | B65: Intermediate | C65: Weighted Shrug (Barbell) | D65: Barbell | E65: Hypertrophy | H65: Trap | P65: P
A66: 61 | B66: Easy | C66: Wide grip Lat Pulldown (Cable) | D66: Cable Machine | E66: Hypertrophy | F66: Strength | H66: Trap | I66: Lat | O66: S | P66: P | Q66: S | V66: P
A67: 62 | B67: Easy | C67: One arm Lat Pulldown (Cable) | D67: Cable Machine | E67: Hypertrophy | F67: Strength | H67: Trap | I67: Lat | O67: S | P67: P | Q67: S | V67: P
A68: 63 | B68: Easy | C68: Reverse Grip Pulldown (Cable) | D68: Cable Machine | E68: Hypertrophy | F68: Strength | H68: Trap | I68: Lat | O68: S | P68: P | Q68: S | V68: P
A69: 64 | B69: Easy | C69: Supinated Lat Pulldown (Cable) | D69: Cable Machine | E69: Hypertrophy | F69: Strength | H69: Trap | I69: Lat | O69: S | P69: P | Q69: S | V69: P
A70: 65 | B70: Easy | C70: Close Lat Pulldown (Cable) | D70: Cable Machine | E70: Hypertrophy | F70: Strength | H70: Trap | I70: Lat | O70: S | P70: P | Q70: S | V70: P
A71: 66 | B71: Easy | C71: V bar Lat Pulldown (Cable) | D71: Cable Machine | E71: Hypertrophy | F71: Strength | H71: Trap | I71: Lat | O71: S | P71: P | Q71: S | V71: P
A72: 67 | B72: Easy | C72: Straight Arm Pulldown (Cable) | D72: Cable Machine | E72: Hypertrophy | H72: Lat | O72: S | V72: P
A73: 68 | B73: Easy | C73: Unilateral Illiac Lat Pulldown (Cable) | D73: Cable Machine | E73: Hypertrophy | H73: Lat | O73: S | P73: S | Q73: S | V73: P
A74: 69 | B74: Easy | C74: Bilateral Illiac Lat Pulldown (Cable) | D74: Cable Machine | E74: Hypertrophy | H74: Lat | O74: S | P74: S | Q74: S | V74: P
A75: 70 | B75: Intermediate | C75: Pullover (Dumbbell) | D75: Dumbbell | E75: Hypertrophy | H75: Lat | N75: S | O75: Z | Q75: Z | V75: P
A76: 71 | B76: Easy | C76: Pull up (Band) | D76: Bodyweight | E76: Hypertrophy | F76: Strength | H76: Trap | I76: Lat | O76: S | P76: P | Q76: S | V76: P
A77: 72 | B77: Intermediate | C77: Pull up (Bodyweight) | D77: Bodyweight | E77: Hypertrophy | F77: Strength | H77: Trap | I77: Lat | O77: S | P77: P | Q77: S | V77: P
A78: 73 | B78: Advanced | C78: Pull up (Weighted) | D78: Bodyweight | E78: Hypertrophy | F78: Strength | H78: Trap | I78: Lat | O78: S | P78: P | Q78: S | V78: P
A79: 74 | B79: Easy | C79: Chin up (Band) | D79: Bodyweight | E79: Hypertrophy | F79: Strength | H79: Trap | I79: Lat | O79: S | P79: P | Q79: S | V79: P
A80: 75 | B80: Intermediate | C80: Chin up (Bodyweight) | D80: Bodyweight | E80: Hypertrophy | F80: Strength | H80: Trap | I80: Lat | O80: S | P80: P | Q80: S | V80: P
A81: 76 | B81: Advanced | C81: Chin up (Weighted) | D81: Bodyweight | E81: Hypertrophy | F81: Strength | H81: Trap | I81: Lat | O81: S | P81: P | Q81: S | V81: P
A82: 77 | B82: Easy | C82: Wide grip Cable Row (Cable) | D82: Cable Machine | E82: Hypertrophy | F82: Strength | H82: Trap | I82: Lat | O82: S | P82: P | Q82: S | V82: P
A83: 78 | B83: Easy | C83: One arm Cable Row (Cable) | D83: Cable Machine | E83: Hypertrophy | F83: Strength | H83: Lat | I83: Trap
A84: 79 | B84: Easy | C84: Facepull (Cable) | D84: Cable Machine | E84: Hypertrophy | F84: Strength | H84: Deltoid | I84: Trap | O84: P | P84: P | Q84: S
A85: 80 | B85: Easy | C85: Pull to Neck (Cable) | D85: Cable Machine | E85: Hypertrophy | F85: Strength | H85: Deltoid | I85: Trap | O85: P | P85: P | Q85: S
A86: 81 | B86: Easy | C86: Supinated bar row (Cable) | D86: Cable Machine | E86: Hypertrophy | F86: Strength | H86: Lat | I86: Trap | O86: S | P86: P | Q86: S | V86: P
A87: 82 | B87: Easy | C87: Close row (Cable) | D87: Cable Machine | E87: Hypertrophy | F87: Strength | H87: Lat | I87: Trap | O87: S | P87: P | Q87: S | V87: P
A88: 83 | B88: Easy | C88: V bar row (Cable) | D88: Cable Machine | E88: Hypertrophy | F88: Strength | H88: Lat | I88: Trap | O88: S | P88: P | Q88: S | V88: P
A89: 84 | B89: Intermediate | C89: Chest supported Wide Row (Dumbbell) | D89: Dumbbell | E89: Hypertrophy | F89: Strength | H89: Lat | I89: Trap | O89: S | P89: P | Q89: S | V89: P
A90: 85 | B90: Intermediate | C90: Standing High Row (Dumbbell) | D90: Dumbbell | E90: Hypertrophy | F90: Strength | H90: Lat | I90: Trap | O90: S | P90: P | Q90: S | V90: P
A91: 86 | B91: Intermediate | C91: Bent over Row (Dumbbell) | D91: Dumbbell | E91: Hypertrophy | F91: Strength | H91: Lat | I91: Trap | O91: S | P91: P | Q91: S | V91: P
A92: 87 | B92: Intermediate | C92: Seal Row (Dumbbell) | D92: Dumbbell | E92: Hypertrophy | H92: Lat | I92: Trap | O92: S | P92: P | Q92: S | V92: P
A93: 88 | B93: Intermediate | C93: One Arm Row (Dumbbell) | D93: Dumbbell | E93: Hypertrophy | H93: Lat | I93: Trap | O93: S | P93: P | Q93: S | V93: P
A94: 89 | B94: Intermediate | C94: Chest supported Row ( Dumbbell) | D94: Dumbbell | E94: Hypertrophy | F94: Strength | H94: Lat | I94: Trap | O94: S | P94: P | Q94: S | V94: P
A95: 90 | B95: Intermediate | C95: Inverted Row (BW) | D95: Bodyweight | E95: Hypertrophy | F95: Stability | H95: Lat | I95: Trap | O95: S | P95: P | Q95: S | V95: P | AA95: Z
A96: 91 | B96: Advanced | C96: Bent Over Row (Barbell) | D96: Barbell | E96: Hypertrophy | F96: Strength | H96: Lat | I96: Trap | O96: S | P96: P | Q96: S | V96: P | Z96: C | AA96: Z
A97: 92 | B97: Advanced | C97: Bent Over Row Reverse Grip (Barbell) | D97: Barbell | E97: Hypertrophy | F97: Strength | H97: Lat | I97: Trap | O97: S | P97: P | Q97: S | V97: P | Z97: C | AA97: Z
A98: 93 | B98: Advanced | C98: Pendlay Row (Barbell) | D98: Barbell | E98: Hypertrophy | F98: Strength | H98: Lat | I98: Trap | O98: S | P98: P | Q98: S | V98: P | Z98: C | AA98: Z
A99: 94 | B99: Advanced | C99: T-Bar Row (Barbell) | D99: Barbell | E99: Hypertrophy | F99: Strength | H99: Lat | I99: Trap | O99: S | P99: P | Q99: S | V99: P | Z99: C | AA99: Z
A100: 95 | B100: Advanced | C100: High Row (Barbell) | D100: Barbell | E100: Hypertrophy | F100: Strength | H100: Lat | I100: Trap | O100: S | P100: P | Q100: S | V100: P
...

Sheet Client Profile
B3: CLIENT PROFILE THÔNG TIN KHÁCH HÀNG
B5: CLIENT INFORMATION -- THÔNG TIN KHÁCH HÀNG
B7: Full Name Họ & Tên | F7: Contact Thông tin liên hệ
B8: D.O.B Ngày sinh | F8: Start Date Ngày thực hiện
B11: ASSESSMENT STRUCTURE -- CẤU TRÚC CHƯƠNG TRÌNH THẨM ĐỊNH
H12: TO DO TODAY
B13: 1 | C13: LIFESTYLE -- LỐI SỐNG (THÓI QUEN, BỆNH LÝ, CHẤN THƯƠNG, DINH DƯỠNG, GIẤC NGỦ, STRESS) | H13: FALSE
B14: 2 | C14: FUNCTIONAL MOVEMENT -- CHUYỂN ĐỘNG CƠ BẢN | H14: FALSE
B15: 3 | C15: BODY ASSESSMENT -- CẤU TRÚC CƠ THỂ | H15: FALSE
B16: 4 | C16: BODY PHYSIQUE -- THỂ HÌNH & SỐ ĐO CƠ THỂ | H16: FALSE
B17: 5 | C17: CARDIOVASCULAR & ENDURANCE -- SỨC BỀN & SỨC KHOẺ TIM MẠCH | H17: FALSE
B18: 6 | C18: SPORT SPECIFIC TEST -- ĐỘNG TÁC THỂ THAO CỤ THỂ | H18: FALSE
B21: GOAL SETTING -- XÁC ĐỊNH MỤC TIÊU
F23: NOTES -- GHI CHÚ
B24: Long Term Goal Mục tiêu dài hạn | C24: Xây dựng một lối sống lành mạnh, một active lifestyle,
B26: Short Term Goal Mục tiêu ngắn hạn | C26: Bắt đầu 1 nutrition plan trong vòng 12 tuần,tăng cơ giảm mỡ, compete được ở Hyrox
B28: Progress Measurement Method Phương pháp đánh giá tiến độ và kết quả | F28: Select one -- Chọn 1
C29: Body Composition (BEFORE/AFTER photo) Thay đổi về hình thể (Hình BEFORE/AFTER) | F29: FALSE
C30: Body Weight Change Thay đổi về cân nặng | F30: FALSE
C31: Posture (BEFORE/AFTER photo) Thay đổi về tư thế (Hình BEFORE/AFTER) | F31: FALSE
C32: Flexibility improvement (Muscle length test) Thay đổi về sự dẻo dai (Muscle lenghth test) | F32: FALSE
C33: Movement improvement (OHS test) Thay đổi về sự dẻo dai & chuyển động linh hoạt | F33: FALSE
C34: Enduration (VO2 Max) Thay đổi về sức bền (VO2 Max) | F34: FALSE
C35: PR Test on Squat / Bench / Deadlift Test mực tổng cử cá nhân cao nhất | F35: FALSE
C36: Conditioning Test (Selected movement) Thay đổi về sức bền và sự linh hoạt | F36: FALSE
C37: Customised S&C Test for sport specific Bài test được thiết kế cá nhân dựa trên môn thể thao | F37: FALSE
C38: Notes -- Ghi chú về bài test
B43: FIRST ASSESSMENT CHƯƠNG TRÌNH THẨM ĐỊNH CƠ THỂ
A45: 1 | B45: LIFESTYLE -- LỐI SỐNG | F45: LIFESTYLE -- LỐI SỐNG
B46: STRESS MANAGEMENT -- QUẢN LÝ ÁP LỰC | F46: MEDICAL & INJURY -- BỆNH LÝ & CHẤN THƯƠNG
B48: What are your sources of stress Các vấn đề hiện tại khiến gặp bạn stress là gì? | F48: Do you have any pre-existing medical conditions? Bạn có bệnh lý nào hiện tại hoặc đã chữa khỏi không?
B50: What do you do to recover from that stress? Bạn thường giải quyết stress bằng cách nào? | F50: Did you have any physical injuries before? Bạn đã bị chấn thương bao giờ chưa? Ở bộ phận nào trên cơ thể?
B52: What is the state of your mental health, and have you suffered from any mental health conditions such as anxiety or depression? Tình trạng sức khỏe tâm thần của bạn như thế nào và bạn có gặp phải bất kỳ vấn đề gì không? | F52: Do you have any doctor recommendation for physical activities? Bạn có đề nghị nào của bác sĩ về việc tập luyện?
B55: LIFESTYLE -- LỐI SỐNG | F55: LIFESTYLE -- LỐI SỐNG
B56: NUTRITION -- DINH DƯỠNG | F56: DAILY HABIT -- THÓI QUEN THƯỜNG NHẬT
B58: Describe how you usually eat during a day Miêu tả các bữa ăn hiện tại của bạn mỗi ngày | F58: Does your job introduce potential barriers to healthy eating? Tính chất công việc hoặc cuộc sống hiện tại có khiến bạn gặp khó khăn trong việc giữ chế độ ăn uống lành mạnh?
B59: Meal 1
B61: Meal 2 | F61: Are you getting enough quality sleep? Bạn có ngủ đủ chất lượng không? Nếu không hãy cho biết thời gian bạn ngủ một ngày?
B63: Meal 3 | F63: Do you play any other sports or physical activities? Bạn có đang tham gia hoạt động hoặc môn thể thao nào khác không?
B66: Describe types of food you like Miêu tả các loại thực phẩm ưu thích của bạn
B67: Carbs -- Tinh bột | F67: What are your favourite food? Thực phẩm / món ăn ưu thích của bạn là gì?
B69: Protein -- Chất đạm (thịt, cá, trứng) | F69: What are your favourite drink? Thức uống ưu thích của bạn là gì?
B71: Fibers -- Rau / Trái cây | F71: Do you smoke or drink regularly? Bạn có hút thuốc hay thường xuyên uống đồ uống có cồn?
B73: Fat -- Chất béo | F73: Have you ever tried any diet method? Bạn đã từng hoặc theo phương pháp ăn kiêng nào không?
A77: 2 | B77: FUNCTIONAL MOVEMENT
B78: OVERHEAD SQUAT
B80: Checkpoint Điểm cần kiểm tra | C80: Conpensation Bù chuyển động | D80: Probable Overactive Muscles Dự đoán nhóm cơ bị overactive | G80: Probable Underactive Muscles Dự đoán nhóm cơ bị underactive
A81: ANTERIOR VIEW | B81: Feets Bàn Chân | C81: Turn Out Quay ra ngoài | D81: Soleus | E81: FALSE | G81: Medial gastrocnemius | H81: FALSE
D82: Lateral gastrocnemius | E82: FALSE | G82: Medial hamstring complex | H82: FALSE
D83: Biceps femoris (short head) | E83: FALSE | G83: Gracilis | H83: FALSE
G84: Sartorius | H84: FALSE
G85: Popliteus | H85: FALSE
B86: Knees Đầu gối | C86: Move inward Quay vào trong | D86: Adductor complex | E86: FALSE | G86: Gluteus medius/maximus | H86: FALSE
D87: Biceps femoris (short head) | E87: FALSE | G87: Vastus medialis oblique (VMO) | H87: FALSE
D88: Tensor fascia latae | E88: FALSE
D89: Vastus lateralis | E89: FALSE
A90: LATERAL VIEW | B90: LPHC Tổ hợp lõi | C90: Excessive forward lean Trườn tới phía trước quá nhiều | D90: Soleus | E90: FALSE | G90: Anterior tibialis | H90: FALSE
D91: Gastrocnemius | E91: FALSE | G91: Gluteus maximus | H91: FALSE
D92: Hip flexor complex | E92: FALSE | G92: Erector spinae | H92: FALSE
D93: Abdominal complex | E93: FALSE
C94: Low back arches Võng lưng dưới | D94: Hip flexor complex | E94: FALSE | G94: Hamstring complex | H94: FALSE
D95: (TFL, rectus femoris, psoas) | E95: FALSE | G95: Intrinsic core stabilisers | H95: FALSE
D96: Erector spinae | E96: FALSE
D97: Latissimus dorsi | E97: FALSE
B98: Upper Body Thân Trên | C98: Arms fall forward Cánh tay đổ về phía trước | D98: Latissimus dorsi | E98: FALSE | G98: Mid/lower trapezius | H98: FALSE
D99: Teres major | E99: FALSE | G99: Rhomboids | H99: FALSE
D100: Pectoralis major/minor | E100: FALSE | G100: Rotator cuff | H100: FALSE
C101: Shoulder elevate Vai nâng lên trong chuyển động | D101: Upper trapezius | E101: FALSE | G101: Mid/lower trapezius | H101: FALSE
D102: Stemocleidomastoid | E102: FALSE
D103: Levator scapulae | E103: FALSE
C104: Head protrudes forward Đầu đưa về phía trước | D104: Upper trapezius | E104: FALSE | G104: Deep cervical flexors | H104: FALSE
D105: Stemocleidomastoid | E105: FALSE
D106: Levator scapulae | E106: FALSE
A109: 3 | B109: BODY ASSESSMENT -- THẨM ĐỊNH CƠ THỂ
B110: FRONTAL POSTURAL -- TƯ THẾ MẶT TRƯỚC
B112: Head & Neck -- Đầu & Cổ | F112: Hips -- Hông & Xương Chậu
B119: 10 | C119: 4 | D119: 0 | F119: 10 | G119: 4 | H119: 0
B120: FALSE | C120: FALSE | D120: FALSE | F120: FALSE | G120: FALSE | H120: FALSE
B122: Shoulders -- Vai | F122: Ankles -- Cổ chân
B129: 10 | C129: 4 | D129: 0 | F129: 10 | G129: 4 | H129: 0
B130: FALSE | C130: FALSE | D130: FALSE | F130: FALSE | G130: FALSE | H130: FALSE
B132: Spine -- Cột sống | F132: Arches -- Bàn Chân
B139: 10 | C139: 4 | D139: 0 | F139: 10 | G139: 4 | H139: 0
B140: FALSE | C140: FALSE | D140: FALSE | F140: FALSE | G140: FALSE | H140: FALSE
B142: BODY ASSESSMENT -- THẨM ĐỊNH CƠ THỂ
B143: SIGITTAL POSTURAL -- TƯ THẾ MẶT BÊN
B145: Neck -- Cổ | F145: Upper Back -- Lưng Trên
B152: 10 | C152: 4 | D152: 0 | F152: 10 | G152: 4 | H152: 0
B153: FALSE | C153: FALSE | D153: FALSE | F153: FALSE | G153: FALSE | H153: FALSE
B155: Chest -- Ngực | F155: Abdomen -- Bụng dưới
B162: 10 | C162: 4 | D162: 0 | F162: 10 | G162: 4 | H162: 0
B163: FALSE | C163: FALSE | D163: FALSE | F163: FALSE | G163: FALSE | H163: FALSE
B165: Shoulders -- Vai | F165: Lower Back -- Lưng dưới
B172: 10 | C172: 4 | D172: 0 | F172: 10 | G172: 4 | H172: 0
B173: FALSE | C173: FALSE | D173: FALSE | F173: FALSE | G173: FALSE | H173: FALSE
B175: BODY ASSESSMENT -- THẨM ĐỊNH CƠ THỂ
B176: MUSCLE LENGTH -- ĐỘ DÀI CÁC NHÓM CƠ
C178: Left Side -- Thân bên trái | G178: Right Side -- Thân bên phải
C179: Fail - Không đạt | D179: Pass - Đạt | G179: Fail - Không đạt | H179: Pass - Đạt
B180: Hamstring | C180: FALSE | D180: FALSE | G180: FALSE | H180: FALSE
...

Sheet Tracking
B18: DAILY | G18: WEEKLY
B19: Date | C19: Bodyweight (KG) | D19: Cardio (minutes) | E19: Steps (step) | G19: Date | H19: Body Measurement (cm) | M19: Photograph
H20: Bicep | I20: Chest | J20: Waist | K20: Hips | L20: Thigh | M20: Front | N20: Back | O20: Side
B21: 46054 | M21: FALSE | N21: FALSE | O21: FALSE
B22: =B21+1 | M22: FALSE | N22: FALSE | O22: FALSE
B23: =B22+1 | M23: FALSE | N23: FALSE | O23: FALSE
B24: =B23+1 | M24: FALSE | N24: FALSE | O24: FALSE
B25: =B24+1 | M25: FALSE | N25: FALSE | O25: FALSE
B26: =B25+1 | M26: FALSE | N26: FALSE | O26: FALSE
B27: =B26+1 | M27: FALSE | N27: FALSE | O27: FALSE
B28: =B27+1 | M28: FALSE | N28: FALSE | O28: FALSE
B29: =B28+1 | M29: FALSE | N29: FALSE | O29: FALSE
B30: =B29+1 | M30: FALSE | N30: FALSE | O30: FALSE
B31: =B30+1 | M31: FALSE | N31: FALSE | O31: FALSE
B32: =B31+1 | M32: FALSE | N32: FALSE | O32: FALSE
B33: =B32+1 | M33: FALSE | N33: FALSE | O33: FALSE
... B121: =B120+1 | M121: FALSE | N121: FALSE | O121: FALSE

Sheet Training Plan 1
B1: TRAINING PLAN | E1: 12 WEEK
B2: CLIENT | C2: ='Client Profile'!C7 | E2: COACH | F2: Long Chu
B4: PHASE 1 | C4: WEEK 1 -> 4 | H4: 1-A | O4: 1-B | V4: 1-C | AC4: 1-D
C5: Workout | E5: Cardio / Sport | F5: Steps | H5: Exercise | I5: Set | J5: Rep | K5: RIR | L5: Tempo | M5: Rest | P5: Set | Q5: Rep | R5: RIR | S5: Tempo | T5: Rest | V5: Exercise | W5: Set | X5: Rep | Y5: RIR | Z5: Tempo | AA5: Rest | AC5: Exercise | AD5: Set | AE5: Rep | AF5: RIR | AG5: Tempo | AH5: Rest
B6: Day 1 | D6: 1-A | E6: 30 Phút | F6: 5000 - 7000
B7: Day 2 | F7: 5000 - 7000
B8: Day 3 | D8: 1-B | E8: 30 Phút | F8: 5000 - 7000
B9: Day 4 | F9: 5000 - 7000
B10: Day 5 | D10: 1-C | E10: 30 Phút | F10: 5000 - 7000
B11: Day 6 | F11: 5000 - 7000
B12: Day 7 | D12: 1-D | E12: 30 Phút | F12: 5000 - 7000
B14: PHASE 2 | C14: WEEK 5 -> 8 | H14: 2-A | O14: 2-B | V14: 2-C | AC14: 2-D
C15: Workout | E15: Running | F15: Steps | H15: Exercise | I15: Set | J15: Rep | K15: RIR | L15: Tempo | M15: Rest | O15: Exercise | P15: Set | Q15: Rep | R15: RIR | S15: Tempo | T15: Rest | V15: Exercise | W15: Set | X15: Rep | Y15: RIR | Z15: Tempo | AA15: Rest | AC15: Exercise | AD15: Set | AE15: Rep | AF15: RIR | AG15: Tempo | AH15: Rest
B16: Day 1 | C16: Push | D16: 2-A | E16: Easy Run
B17: Day 2 | E17: Interval
B18: Day 3 | C18: Pull | D18: 2-B
B19: Day 4 | C19: Leg | D19: 2-C | E19: Tempo Run
B20: Day 5
B21: Day 6 | C21: Full Body | D21: 2-D
B22: Day 7 | E22: Long Run
B24: PHASE 3 | C24: WEEK 9 -> 12 | H24: 3-A | O24: 3-B | V24: 3-C | AC24: 3-D
C25: Workout | E25: Cardio / Sport | F25: Steps | H25: Exercise | I25: Set | J25: Rep | K25: RIR | L25: Tempo | M25: Rest | O25: Exercise | P25: Set | Q25: Rep | R25: RIR | S25: Tempo | T25: Rest | V25: Exercise | W25: Set | X25: Rep | Y25: RIR | Z25: Tempo | AA25: Rest | AC25: Exercise | AD25: Set | AE25: Rep | AF25: RIR | AG25: Tempo | AH25: Rest
B26: Day 1 | C26: Squat | D26: 3-A
B27: Day 2
B28: Day 3 | C28: Bench | D28: 3-B
B29: Day 4 | C29: Deadlift | D29: 3-C
B30: Day 5
B31: Day 6 | C31: Full body | D31: 3-D
B32: Day 7
B35: General
B45: Note về bài tập

Sheet 1-A
A1: PHASE 1 | C1: WORKOUT 1-A
A3: Session Check-in
A4: WEEK
A5: 1
A6: 2
A7: 3
A8: 4
A12: Exercise | F12: Set | G12: Rep | H12: RIR | I12: Tempo | J12: Rest
A13: ='Training Plan 1'!H6 | F13: ='Training Plan 1'!I6 | G13: ='Training Plan 1'!J6 | H13: ='Training Plan 1'!K6 | I13: ='Training Plan 1'!L6 | J13: ='Training Plan 1'!M6
A14: WEEK | B14: DATE | C14: SET 1 | E14: SET 2 | G14: SET 3 | I14: SET 4 | K14: TOTAL VOLUMN | L14: NOTES
C15: REP | D15: LOAD | E15: REP | F15: LOAD | G15: REP | H15: LOAD | I15: REP | J15: LOAD
A16: 1 | B16: =B5 | K16: =C16*D16+E16*F16+G16*H16+I16*J16
A17: 2 | B17: =B6 | K17: =C17*D17+E17*F17+G17*H17+I17*J17
A18: 3 | B18: =B7 | K18: =C18*D18+E18*F18+G18*H18+I18*J18
A19: 4 | B19: =B8 | K19: =C19*D19+E19*F19+G19*H19+I19*J19
B20: =B9 | K20: =C20*D20+E20*F20+G20*H20+I20*J20
B21: =B10 | K21: =C21*D21+E21*F21+G21*H21+I21*J21
A23: Exercise | F23: Set | G23: Rep | H23: RIR | I23: Tempo | J23: Rest
A24: ='Training Plan 1'!H7 | F24: ='Training Plan 1'!I7 | G24: ='Training Plan 1'!J7 | H24: ='Training Plan 1'!K7 | I24: ='Training Plan 1'!L7 | J24: ='Training Plan 1'!M7
A25: WEEK | B25: DATE | C25: SET 1 | E25: SET 2 | G25: SET 3 | I25: SET 4 | K25: TOTAL VOLUMN | L25: NOTES
C26: REP | D26: LOAD | E26: REP | F26: LOAD | G26: REP | H26: LOAD | I26: REP | J26: LOAD
A27: 1 | B27: =B16 | K27: =C27*D27+E27*F27+G27*H27+I27*J27
A28: 2 | B28: =B17 | K28: =C28*D28+E28*F28+G28*H28+I28*J28
A29: 3 | B29: =B18 | K29: =C29*D29+E29*F29+G29*H29+I29*J29
A30: 4 | B30: =B19 | K30: =C30*D30+E30*F30+G30*H30+I30*J30
B31: =B20 | K31: =C31*D31+E31*F31+G31*H31+I31*J31
B32: =B21 | K32: =C32*D32+E32*F32+G32*H32+I32*J32
A34: Exercise | F34: Set | G34: Rep | H34: RIR | I34: Tempo | J34: Rest
A35: ='Training Plan 1'!H8 | F35: ='Training Plan 1'!I8 | G35: ='Training Plan 1'!J8 | H35: ='Training Plan 1'!K8 | I35: ='Training Plan 1'!L8 | J35: ='Training Plan 1'!M8
A36: WEEK | B36: DATE | C36: SET 1 | E36: SET 2 | G36: SET 3 | I36: SET 4 | K36: TOTAL VOLUMN | L36: NOTES
C37: REP | D37: LOAD | E37: REP | F37: LOAD | G37: REP | H37: LOAD | I37: REP | J37: LOAD
A38: 1 | B38: =B27 | K38: =C38*D38+E38*F38+G38*H38+I38*J38
A39: 2 | B39: =B28 | K39: =C39*D39+E39*F39+G39*H39+I39*J39
A40: 3 | B40: =B29 | K40: =C40*D40+E40*F40+G40*H40+I40*J40
A41: 4 | B41: =B30 | K41: =C41*D41+E41*F41+G41*H41+I41*J41
B42: =B31 | K42: =C42*D42+E42*F42+G42*H42+I42*J42
B43: =B32 | K43: =C43*D43+E43*F43+G43*H43+I43*J43
A45: Exercise | F45: Set | G45: Rep | H45: RIR | I45: Tempo | J45: Rest
A46: ='Training Plan 1'!H9 | F46: ='Training Plan 1'!I9 | G46: ='Training Plan 1'!J9 | H46: ='Training Plan 1'!K9 | I46: ='Training Plan 1'!L9 | J46: ='Training Plan 1'!M9
A47: WEEK | B47: DATE | C47: SET 1 | E47: SET 2 | G47: SET 3 | I47: SET 4 | K47: TOTAL VOLUMN | L47: NOTES
C48: REP | D48: LOAD | E48: REP | F48: LOAD | G48: REP | H48: LOAD | I48: REP | J48: LOAD
A49: 1 | B49: =B38 | K49: =C49*D49+E49*F49+G49*H49+I49*J49
A50: 2 | B50: =B39 | K50: =C50*D50+E50*F50+G50*H50+I50*J50
A51: 3 | B51: =B40 | K51: =C51*D51+E51*F51+G51*H51+I51*J51
A52: 4 | B52: =B41 | K52: =C52*D52+E52*F52+G52*H52+I52*J52
B53: =B42 | K53: =C53*D53+E53*F53+G53*H53+I53*J53
B54: =B43 | K54: =C54*D54+E54*F54+G54*H54+I54*J54
A56: Exercise | F56: Set | G56: Rep | H56: RIR | I56: Tempo | J56: Rest
A57: ='Training Plan 1'!H10 | F57: ='Training Plan 1'!I10 | G57: ='Training Plan 1'!J10 | H57: ='Training Plan 1'!K10 | I57: ='Training Plan 1'!L10 | J57: ='Training Plan 1'!M10
A58: WEEK | B58: DATE | C58: SET 1 | E58: SET 2 | G58: SET 3 | I58: SET 4 | K58: TOTAL VOLUMN | L58: NOTES
C59: REP | D59: LOAD | E59: REP | F59: LOAD | G59: REP | H59: LOAD | I59: REP | J59: LOAD
A60: 1 | B60: =B49 | K60: =C60*D60+E60*F60+G60*H60+I60*J60
A61: 2 | B61: =B50 | K61: =C61*D61+E61*F61+G61*H61+I61*J61
A62: 3 | B62: =B51 | K62: =C62*D62+E62*F62+G62*H62+I62*J62
A63: 4 | B63: =B52 | K63: =C63*D63+E63*F63+G63*H63+I63*J63
B64: =B53 | K64: =C64*D64+E64*F64+G64*H64+I64*J64
B65: =B54 | K65: =C65*D65+E65*F65+G65*H65+I65*J65
A67: Exercise | F67: Set | G67: Rep | H67: RIR | I67: Tempo | J67: Rest
A68: ='Training Plan 1'!H11 | F68: ='Training Plan 1'!I11 | G68: ='Training Plan 1'!J11 | H68: ='Training Plan 1'!K11 | I68: ='Training Plan 1'!L11 | J68: ='Training Plan 1'!M11
A69: WEEK | B69: DATE | C69: SET 1 | E69: SET 2 | G69: SET 3 | I69: SET 4 | K69: TOTAL VOLUMN | L69: NOTES
C70: REP | D70: LOAD | E70: REP | F70: LOAD | G70: REP | H70: LOAD | I70: REP | J70: LOAD
A71: 1 | B71: =B60 | K71: =C71*D71+E71*F71+G71*H71+I71*J71
A72: 2 | B72: =B61 | K72: =C72*D72+E72*F72+G72*H72+I72*J72
A73: 3 | B73: =B62 | K73: =C73*D73+E73*F73+G73*H73+I73*J73
A74: 4 | B74: =B63 | K74: =C74*D74+E74*F74+G74*H74+I74*J74
B75: =B64 | K75: =C75*D75+E75*F75+G75*H75+I75*J75
B76: =B65 | K76: =C76*D76+E76*F76+G76*H76+I76*J76
A78: Exercise | F78: Set | G78: Rep | H78: RIR | I78: Tempo | J78: Rest
A79: ='Training Plan 1'!H12 | F79: ='Training Plan 1'!I12 | G79: ='Training Plan 1'!J12 | H79: ='Training Plan 1'!K12 | I79: ='Training Plan 1'!L12 | J79: ='Training Plan 1'!M12
A80: WEEK | B80: DATE | C80: SET 1 | E80: SET 2 | G80: SET 3 | I80: SET 4 | K80: TOTAL VOLUMN | L80: NOTES
C81: REP | D81: LOAD | E81: REP | F81: LOAD | G81: REP | H81: LOAD | I81: REP | J81: LOAD
A82: 1 | B82: =B71 | K82: =C82*D82+E82*F82+G82*H82+I82*J82
A83: 2 | B83: =B72 | K83: =C83*D83+E83*F83+G83*H83+I83*J83
A84: 3 | B84: =B73 | K84: =C84*D84+E84*F84+G84*H84+I84*J84
A85: 4 | B85: =B74 | K85: =C85*D85+E85*F85+G85*H85+I85*J85
B86: =B75 | K86: =C86*D86+E86*F86+G86*H86+I86*J86
B87: =B76 | K87: =C87*D87+E87*F87+G87*H87+I87*J87

Sheet 1-B
A1: PHASE 1 | C1: WORKOUT 1-B
A3: Session Check-in
A4: WEEK
A5: 1
A6: 2
A7: 3
A8: 4
A12: Exercise | F12: Set | G12: Rep | H12: RIR | I12: Tempo | J12: Rest
A13: ='Training Plan 1'!O6 | F13: ='Training Plan 1'!P6 | G13: ='Training Plan 1'!Q6 | H13: ='Training Plan 1'!R6 | I13: ='Training Plan 1'!S6 | J13: ='Training Plan 1'!T6
A14: WEEK | B14: DATE | C14: SET 1 | E14: SET 2 | G14: SET 3 | I14: SET 4 | K14: TOTAL VOLUMN | L14: NOTES
C15: REP | D15: LOAD | E15: REP | F15: LOAD | G15: REP | H15: LOAD | I15: REP | J15: LOAD
A16: 1 | B16: =B5 | K16: =C16*D16+E16*F16+G16*H16+I16*J16
A17: 2 | B17: =B6 | K17: =C17*D17+E17*F17+G17*H17+I17*J17
A18: 3 | B18: =B7 | K18: =C18*D18+E18*F18+G18*H18+I18*J18
A19: 4 | B19: =B8 | K19: =C19*D19+E19*F19+G19*H19+I19*J19
B20: =B9 | K20: =C20*D20+E20*F20+G20*H20+I20*J20
B21: =B10 | K21: =C21*D21+E21*F21+G21*H21+I21*J21
A23: Exercise | F23: Set | G23: Rep | H23: RIR | I23: Tempo | J23: Rest
A24: ='Training Plan 1'!O7 | F24: ='Training Plan 1'!P7 | G24: ='Training Plan 1'!Q7 | H24: ='Training Plan 1'!R7 | I24: ='Training Plan 1'!S7 | J24: ='Training Plan 1'!T7
A25: WEEK | B25: DATE | C25: SET 1 | E25: SET 2 | G25: SET 3 | I25: SET 4 | K25: TOTAL VOLUMN | L25: NOTES
C26: REP | D26: LOAD | E26: REP | F26: LOAD | G26: REP | H26: LOAD | I26: REP | J26: LOAD
A27: 1 | B27: =B16 | K27: =C27*D27+E27*F27+G27*H27+I27*J27
A28: 2 | B28: =B17 | K28: =C28*D28+E28*F28+G28*H28+I28*J28
A29: 3 | B29: =B18 | K29: =C29*D29+E29*F29+G29*H29+I29*J29
A30: 4 | B30: =B19 | K30: =C30*D30+E30*F30+G30*H30+I30*J30
B31: =B20 | K31: =C31*D31+E31*F31+G31*H31+I31*J31
B32: =B21 | K32: =C32*D32+E32*F32+G32*H32+I32*J32
A34: Exercise | F34: Set | G34: Rep | H34: RIR | I34: Tempo | J34: Rest
A35: ='Training Plan 1'!O8 | F35: ='Training Plan 1'!P8 | G35: ='Training Plan 1'!Q8 | H35: ='Training Plan 1'!R8 | I35: ='Training Plan 1'!S8 | J35: ='Training Plan 1'!T8
A36: WEEK | B36: DATE | C36: SET 1 | E36: SET 2 | G36: SET 3 | I36: SET 4 | K36: TOTAL VOLUMN | L36: NOTES
C37: REP | D37: LOAD | E37: REP | F37: LOAD | G37: REP | H37: LOAD | I37: REP | J37: LOAD
A38: 1 | B38: =B27 | K38: =C38*D38+E38*F38+G38*H38+I38*J38
A39: 2 | B39: =B28 | K39: =C39*D39+E39*F39+G39*H39+I39*J39
A40: 3 | B40: =B29 | K40: =C40*D40+E40*F40+G40*H40+I40*J40
A41: 4 | B41: =B30 | K41: =C41*D41+E41*F41+G41*H41+I41*J41
B42: =B31 | K42: =C42*D42+E42*F42+G42*H42+I42*J42
B43: =B32 | K43: =C43*D43+E43*F43+G43*H43+I43*J43
A45: Exercise | F45: Set | G45: Rep | H45: RIR | I45: Tempo | J45: Rest
A46: ='Training Plan 1'!O9 | F46: ='Training Plan 1'!P9 | G46: ='Training Plan 1'!Q9 | H46: ='Training Plan 1'!R9 | I46: ='Training Plan 1'!S9 | J46: ='Training Plan 1'!T9
A47: WEEK | B47: DATE | C47: SET 1 | E47: SET 2 | G47: SET 3 | I47: SET 4 | K47: TOTAL VOLUMN | L47: NOTES
C48: REP | D48: LOAD | E48: REP | F48: LOAD | G48: REP | H48: LOAD | I48: REP | J48: LOAD
A49: 1 | B49: =B38 | K49: =C49*D49+E49*F49+G49*H49+I49*J49
A50: 2 | B50: =B39 | K50: =C50*D50+E50*F50+G50*H50+I50*J50
A51: 3 | B51: =B40 | K51: =C51*D51+E51*F51+G51*H51+I51*J51
A52: 4 | B52: =B41 | K52: =C52*D52+E52*F52+G52*H52+I52*J52
B53: =B42 | K53: =C53*D53+E53*F53+G53*H53+I53*J53
B54: =B43 | K54: =C54*D54+E54*F54+G54*H54+I54*J54
A56: Exercise | F56: Set | G56: Rep | H56: RIR | I56: Tempo | J56: Rest
A57: ='Training Plan 1'!O10 | F57: ='Training Plan 1'!P10 | G57: ='Training Plan 1'!Q10 | H57: ='Training Plan 1'!R10 | I57: ='Training Plan 1'!S10 | J57: ='Training Plan 1'!T10
A58: WEEK | B58: DATE | C58: SET 1 | E58: SET 2 | G58: SET 3 | I58: SET 4 | K58: TOTAL VOLUMN | L58: NOTES
C59: REP | D59: LOAD | E59: REP | F59: LOAD | G59: REP | H59: LOAD | I59: REP | J59: LOAD
A60: 1 | B60: =B49 | K60: =C60*D60+E60*F60+G60*H60+I60*J60
A61: 2 | B61: =B50 | K61: =C61*D61+E61*F61+G61*H61+I61*J61
A62: 3 | B62: =B51 | K62: =C62*D62+E62*F62+G62*H62+I62*J62
A63: 4 | B63: =B52 | K63: =C63*D63+E63*F63+G63*H63+I63*J63
B64: =B53 | K64: =C64*D64+E64*F64+G64*H64+I64*J64
B65: =B54 | K65: =C65*D65+E65*F65+G65*H65+I65*J65
A67: Exercise | F67: Set | G67: Rep | H67: RIR | I67: Tempo | J67: Rest
A68: ='Training Plan 1'!O11 | F68: ='Training Plan 1'!P11 | G68: ='Training Plan 1'!Q11 | H68: ='Training Plan 1'!R11 | I68: ='Training Plan 1'!S11 | J68: ='Training Plan 1'!T11
A69: WEEK | B69: DATE | C69: SET 1 | E69: SET 2 | G69: SET 3 | I69: SET 4 | K69: TOTAL VOLUMN | L69: NOTES
C70: REP | D70: LOAD | E70: REP | F70: LOAD | G70: REP | H70: LOAD | I70: REP | J70: LOAD
A71: 1 | B71: =B60 | K71: =C71*D71+E71*F71+G71*H71+I71*J71
A72: 2 | B72: =B61 | K72: =C72*D72+E72*F72+G72*H72+I72*J72
A73: 3 | B73: =B62 | K73: =C73*D73+E73*F73+G73*H73+I73*J73
A74: 4 | B74: =B63 | K74: =C74*D74+E74*F74+G74*H74+I74*J74
B75: =B64 | K75: =C75*D75+E75*F75+G75*H75+I75*J75
B76: =B65 | K76: =C76*D76+E76*F76+G76*H76+I76*J76
A78: Exercise | F78: Set | G78: Rep | H78: RIR | I78: Tempo | J78: Rest
A79: ='Training Plan 1'!O12 | F79: ='Training Plan 1'!P12 | G79: ='Training Plan 1'!Q12 | H79: ='Training Plan 1'!R12 | I79: ='Training Plan 1'!S12 | J79: ='Training Plan 1'!T12
A80: WEEK | B80: DATE | C80: SET 1 | E80: SET 2 | G80: SET 3 | I80: SET 4 | K80: TOTAL VOLUMN | L80: NOTES
C81: REP | D81: LOAD | E81: REP | F81: LOAD | G81: REP | H81: LOAD | I81: REP | J81: LOAD
A82: 1 | B82: =B71 | K82: =C82*D82+E82*F82+G82*H82+I82*J82
A83: 2 | B83: =B72 | K83: =C83*D83+E83*F83+G83*H83+I83*J83
A84: 3 | B84: =B73 | K84: =C84*D84+E84*F84+G84*H84+I84*J84
A85: 4 | B85: =B74 | K85: =C85*D85+E85*F85+G85*H85+I85*J85
K86: =C86*D86+E86*F86+G86*H86+I86*J86
K87: =C87*D87+E87*F87+G87*H87+I87*J87

Sheet 1-C
A1: PHASE 1 | C1: WORKOUT 1-C
A3: Session Check-in
A4: WEEK
A5: 1
A6: 2
A7: 3
A8: 4
A12: Exercise | F12: Set | G12: Rep | H12: RIR | I12: Tempo | J12: Rest
A13: ='Training Plan 1'!V6 | F13: ='Training Plan 1'!W6 | G13: ='Training Plan 1'!X6 | H13: ='Training Plan 1'!Y6 | I13: ='Training Plan 1'!Z6 | J13: ='Training Plan 1'!AA6
A14: WEEK | B14: DATE | C14: SET 1 | E14: SET 2 | G14: SET 3 | I14: SET 4 | K14: TOTAL VOLUMN | L14: NOTES
C15: REP | D15: LOAD | E15: REP | F15: LOAD | G15: REP | H15: LOAD | I15: REP | J15: LOAD
A16: 1 | B16: =B5 | K16: =C16*D16+E16*F16+G16*H16+I16*J16
A17: 2 | B17: =B6 | K17: =C17*D17+E17*F17+G17*H17+I17*J17
A18: 3 | B18: =B7 | K18: =C18*D18+E18*F18+G18*H18+I18*J18
A19: 4 | B19: =B8 | K19: =C19*D19+E19*F19+G19*H19+I19*J19
B20: =B9 | K20: =C20*D20+E20*F20+G20*H20+I20*J20
B21: =B10 | K21: =C21*D21+E21*F21+G21*H21+I21*J21
A23: Exercise | F23: Set | G23: Rep | H23: RIR | I23: Tempo | J23: Rest
A24: ='Training Plan 1'!V7 | F24: ='Training Plan 1'!W7 | G24: ='Training Plan 1'!X7 | H24: ='Training Plan 1'!Y7 | I24: ='Training Plan 1'!Z7 | J24: ='Training Plan 1'!AA7
A25: WEEK | B25: DATE | C25: SET 1 | E25: SET 2 | G25: SET 3 | I25: SET 4 | K25: TOTAL VOLUMN | L25: NOTES
C26: REP | D26: LOAD | E26: REP | F26: LOAD | G26: REP | H26: LOAD | I26: REP | J26: LOAD
A27: 1 | B27: =B16 | K27: =C27*D27+E27*F27+G27*H27+I27*J27
A28: 2 | B28: =B17 | K28: =C28*D28+E28*F28+G28*H28+I28*J28
A29: 3 | B29: =B18 | K29: =C29*D29+E29*F29+G29*H29+I29*J29
A30: 4 | B30: =B19 | K30: =C30*D30+E30*F30+G30*H30+I30*J30
B31: =B20 | K31: =C31*D31+E31*F31+G31*H31+I31*J31
B32: =B21 | K32: =C32*D32+E32*F32+G32*H32+I32*J32
A34: Exercise | F34: Set | G34: Rep | H34: RIR | I34: Tempo | J34: Rest
A35: ='Training Plan 1'!V8 | F35: ='Training Plan 1'!W8 | G35: ='Training Plan 1'!X8 | H35: ='Training Plan 1'!Y8 | I35: ='Training Plan 1'!Z8 | J35: ='Training Plan 1'!AA8
A36: WEEK | B36: DATE | C36: SET 1 | E36: SET 2 | G36: SET 3 | I36: SET 4 | K36: TOTAL VOLUMN | L36: NOTES
C37: REP | D37: LOAD | E37: REP | F37: LOAD | G37: REP | H37: LOAD | I37: REP | J37: LOAD
A38: 1 | B38: =B27 | K38: =C38*D38+E38*F38+G38*H38+I38*J38
A39: 2 | B39: =B28 | K39: =C39*D39+E39*F39+G39*H39+I39*J39
A40: 3 | B40: =B29 | K40: =C40*D40+E40*F40+G40*H40+I40*J40
A41: 4 | B41: =B30 | K41: =C41*D41+E41*F41+G41*H41+I41*J41
B42: =B31 | K42: =C42*D42+E42*F42+G42*H42+I42*J42
B43: =B32 | K43: =C43*D43+E43*F43+G43*H43+I43*J43
A45: Exercise | F45: Set | G45: Rep | H45: RIR | I45: Tempo | J45: Rest
A46: ='Training Plan 1'!V9 | F46: ='Training Plan 1'!W9 | G46: ='Training Plan 1'!X9 | H46: ='Training Plan 1'!Y9 | I46: ='Training Plan 1'!Z9 | J46: ='Training Plan 1'!AA9
A47: WEEK | B47: DATE | C47: SET 1 | E47: SET 2 | G47: SET 3 | I47: SET 4 | K47: TOTAL VOLUMN | L47: NOTES
C48: REP | D48: LOAD | E48: REP | F48: LOAD | G48: REP | H48: LOAD | I48: REP | J48: LOAD
A49: 1 | B49: =B38 | K49: =C49*D49+E49*F49+G49*H49+I49*J49
A50: 2 | B50: =B39 | K50: =C50*D50+E50*F50+G50*H50+I50*J50
A51: 3 | B51: =B40 | K51: =C51*D51+E51*F51+G51*H51+I51*J51
A52: 4 | B52: =B41 | K52: =C52*D52+E52*F52+G52*H52+I52*J52
B53: =B42 | K53: =C53*D53+E53*F53+G53*H53+I53*J53
B54: =B43 | K54: =C54*D54+E54*F54+G54*H54+I54*J54
A56: Exercise | F56: Set | G56: Rep | H56: RIR | I56: Tempo | J56: Rest
A57: ='Training Plan 1'!V10 | F57: ='Training Plan 1'!W10 | G57: ='Training Plan 1'!X10 | H57: ='Training Plan 1'!Y10 | I57: ='Training Plan 1'!Z10 | J57: ='Training Plan 1'!AA10
A58: WEEK | B58: DATE | C58: SET 1 | E58: SET 2 | G58: SET 3 | I58: SET 4 | K58: TOTAL VOLUMN | L58: NOTES
C59: REP | D59: LOAD | E59: REP | F59: LOAD | G59: REP | H59: LOAD | I59: REP | J59: LOAD
A60: 1 | B60: =B49 | K60: =C60*D60+E60*F60+G60*H60+I60*J60
A61: 2 | B61: =B50 | K61: =C61*D61+E61*F61+G61*H61+I61*J61
A62: 3 | B62: =B51 | K62: =C62*D62+E62*F62+G62*H62+I62*J62
A63: 4 | B63: =B52 | K63: =C63*D63+E63*F63+G63*H63+I63*J63
B64: =B53 | K64: =C64*D64+E64*F64+G64*H64+I64*J64
B65: =B54 | K65: =C65*D65+E65*F65+G65*H65+I65*J65
A67: Exercise | F67: Set | G67: Rep | H67: RIR | I67: Tempo | J67: Rest
A68: ='Training Plan 1'!V11 | F68: ='Training Plan 1'!W11 | G68: ='Training Plan 1'!X11 | H68: ='Training Plan 1'!Y11 | I68: ='Training Plan 1'!Z11 | J68: ='Training Plan 1'!AA11
A69: WEEK | B69: DATE | C69: SET 1 | E69: SET 2 | G69: SET 3 | I69: SET 4 | K69: TOTAL VOLUMN | L69: NOTES
C70: REP | D70: LOAD | E70: REP | F70: LOAD | G70: REP | H70: LOAD | I70: REP | J70: LOAD
A71: 1 | B71: =B60 | K71: =C71*D71+E71*F71+G71*H71+I71*J71
A72: 2 | B72: =B61 | K72: =C72*D72+E72*F72+G72*H72+I72*J72
A73: 3 | B73: =B62 | K73: =C73*D73+E73*F73+G73*H73+I73*J73
A74: 4 | B74: =B63 | K74: =C74*D74+E74*F74+G74*H74+I74*J74
B75: =B64 | K75: =C75*D75+E75*F75+G75*H75+I75*J75
B76: =B65 | K76: =C76*D76+E76*F76+G76*H76+I76*J76
A78: Exercise | F78: Set | G78: Rep | H78: RIR | I78: Tempo | J78: Rest
A79: ='Training Plan 1'!V12 | F79: ='Training Plan 1'!W12 | G79: ='Training Plan 1'!X12 | H79: ='Training Plan 1'!Y12 | I79: ='Training Plan 1'!Z12 | J79: ='Training Plan 1'!AA12
A80: WEEK | B80: DATE | C80: SET 1 | E80: SET 2 | G80: SET 3 | I80: SET 4 | K80: TOTAL VOLUMN | L80: NOTES
C81: REP | D81: LOAD | E81: REP | F81: LOAD | G81: REP | H81: LOAD | I81: REP | J81: LOAD
A82: 1 | B82: =B71 | K82: =C82*D82+E82*F82+G82*H82+I82*J82
A83: 2 | B83: =B72 | K83: =C83*D83+E83*F83+G83*H83+I83*J83
A84: 3 | B84: =B73 | K84: =C84*D84+E84*F84+G84*H84+I84*J84
A85: 4 | B85: =B74 | K85: =C85*D85+E85*F85+G85*H85+I85*J85
K86: =C86*D86+E86*F86+G86*H86+I86*J86
K87: =C87*D87+E87*F87+G87*H87+I87*J87

Sheet 1-D
A1: PHASE 1 | C1: WORKOUT 1-D
A3: Session Check-in
A4: WEEK
A5: 1
A6: 2
A7: 3
A8: 4
A12: Exercise | F12: Set | G12: Rep | H12: RIR | I12: Tempo | J12: Rest
A13: ='Training Plan 1'!AC6 | F13: ='Training Plan 1'!AD6 | G13: ='Training Plan 1'!AE6 | H13: ='Training Plan 1'!AF6 | I13: ='Training Plan 1'!AG6 | J13: ='Training Plan 1'!AH6
A14: WEEK | B14: DATE | C14: SET 1 | E14: SET 2 | G14: SET 3 | I14: SET 4 | K14: TOTAL VOLUMN | L14: NOTES
C15: REP | D15: LOAD | E15: REP | F15: LOAD | G15: REP | H15: LOAD | I15: REP | J15: LOAD
A16: 1 | B16: =B5 | K16: =C16*D16+E16*F16+G16*H16+I16*J16
A17: 2 | B17: =B6 | K17: =C17*D17+E17*F17+G17*H17+I17*J17
A18: 3 | B18: =B7 | K18: =C18*D18+E18*F18+G18*H18+I18*J18
A19: 4 | B19: =B8 | K19: =C19*D19+E19*F19+G19*H19+I19*J19
B20: =B9 | K20: =C20*D20+E20*F20+G20*H20+I20*J20
B21: =B10 | K21: =C21*D21+E21*F21+G21*H21+I21*J21
A23: Exercise | F23: Set | G23: Rep | H23: RIR | I23: Tempo | J23: Rest
A24: ='Training Plan 1'!AC7 | F24: ='Training Plan 1'!AD7 | G24: ='Training Plan 1'!AE7 | H24: ='Training Plan 1'!AF7 | I24: ='Training Plan 1'!AG7 | J24: ='Training Plan 1'!AH7
A25: WEEK | B25: DATE | C25: SET 1 | E25: SET 2 | G25: SET 3 | I25: SET 4 | K25: TOTAL VOLUMN | L25: NOTES
C26: REP | D26: LOAD | E26: REP | F26: LOAD | G26: REP | H26: LOAD | I26: REP | J26: LOAD
A27: 1 | B27: =B16 | K27: =C27*D27+E27*F27+G27*H27+I27*J27
A28: 2 | B28: =B17 | K28: =C28*D28+E28*F28+G28*H28+I28*J28
A29: 3 | B29: =B18 | K29: =C29*D29+E29*F29+G29*H29+I29*J29
A30: 4 | B30: =B19 | K30: =C30*D30+E30*F30+G30*H30+I30*J30
B31: =B20 | K31: =C31*D31+E31*F31+G31*H31+I31*J31
B32: =B21 | K32: =C32*D32+E32*F32+G32*H32+I32*J32
A34: Exercise | F34: Set | G34: Rep | H34: RIR | I34: Tempo | J34: Rest
A35: ='Training Plan 1'!AC8 | F35: ='Training Plan 1'!AD8 | G35: ='Training Plan 1'!AE8 | H35: ='Training Plan 1'!AF8 | I35: ='Training Plan 1'!AG8 | J35: ='Training Plan 1'!AH8
A36: WEEK | B36: DATE | C36: SET 1 | E36: SET 2 | G36: SET 3 | I36: SET 4 | K36: TOTAL VOLUMN | L36: NOTES
C37: REP | D37: LOAD | E37: REP | F37: LOAD | G37: REP | H37: LOAD | I37: REP | J37: LOAD
A38: 1 | B38: =B27 | K38: =C38*D38+E38*F38+G38*H38+I38*J38
A39: 2 | B39: =B28 | K39: =C39*D39+E39*F39+G39*H39+I39*J39
A40: 3 | B40: =B29 | K40: =C40*D40+E40*F40+G40*H40+I40*J40
A41: 4 | B41: =B30 | K41: =C41*D41+E41*F41+G41*H41+I41*J41
B42: =B31 | K42: =C42*D42+E42*F42+G42*H42+I42*J42
B43: =B32 | K43: =C43*D43+E43*F43+G43*H43+I43*J43
A45: Exercise | F45: Set | G45: Rep | H45: RIR | I45: Tempo | J45: Rest
A46: ='Training Plan 1'!AC9 | F46: ='Training Plan 1'!AD9 | G46: ='Training Plan 1'!AE9 | H46: ='Training Plan 1'!AF9 | I46: ='Training Plan 1'!AG9 | J46: ='Training Plan 1'!AH9
A47: WEEK | B47: DATE | C47: SET 1 | E47: SET 2 | G47: SET 3 | I47: SET 4 | K47: TOTAL VOLUMN | L47: NOTES
C48: REP | D48: LOAD | E48: REP | F48: LOAD | G48: REP | H48: LOAD | I48: REP | J48: LOAD
A49: 1 | B49: =B38 | K49: =C49*D49+E49*F49+G49*H49+I49*J49
A50: 2 | B50: =B39 | K50: =C50*D50+E50*F50+G50*H50+I50*J50
A51: 3 | B51: =B40 | K51: =C51*D51+E51*F51+G51*H51+I51*J51
A52: 4 | B52: =B41 | K52: =C52*D52+E52*F52+G52*H52+I52*J52
B53: =B42 | K53: =C53*D53+E53*F53+G53*H53+I53*J53
B54: =B43 | K54: =C54*D54+E54*F54+G54*H54+I54*J54
A56: Exercise | F56: Set | G56: Rep | H56: RIR | I56: Tempo | J56: Rest
A57: ='Training Plan 1'!AC10 | F57: ='Training Plan 1'!AD10 | G57: ='Training Plan 1'!AE10 | H57: ='Training Plan 1'!AF10 | I57: ='Training Plan 1'!AG10 | J57: ='Training Plan 1'!AH10
A58: WEEK | B58: DATE | C58: SET 1 | E58: SET 2 | G58: SET 3 | I58: SET 4 | K58: TOTAL VOLUMN | L58: NOTES
C59: REP | D59: LOAD | E59: REP | F59: LOAD | G59: REP | H59: LOAD | I59: REP | J59: LOAD
A60: 1 | B60: =B49 | K60: =C60*D60+E60*F60+G60*H60+I60*J60
A61: 2 | B61: =B50 | K61: =C61*D61+E61*F61+G61*H61+I61*J61
A62: 3 | B62: =B51 | K62: =C62*D62+E62*F62+G62*H62+I62*J62
A63: 4 | B63: =B52 | K63: =C63*D63+E63*F63+G63*H63+I63*J63
B64: =B53 | K64: =C64*D64+E64*F64+G64*H64+I64*J64
B65: =B54 | K65: =C65*D65+E65*F65+G65*H65+I65*J65
A67: Exercise | F67: Set | G67: Rep | H67: RIR | I67: Tempo | J67: Rest
A68: ='Training Plan 1'!AC11 | F68: ='Training Plan 1'!AD11 | G68: ='Training Plan 1'!AE11 | H68: ='Training Plan 1'!AF11 | I68: ='Training Plan 1'!AG11 | J68: ='Training Plan 1'!AH11
A69: WEEK | B69: DATE | C69: SET 1 | E69: SET 2 | G69: SET 3 | I69: SET 4 | K69: TOTAL VOLUMN | L69: NOTES
C70: REP | D70: LOAD | E70: REP | F70: LOAD | G70: REP | H70: LOAD | I70: REP | J70: LOAD
A71: 1 | B71: =B60 | K71: =C71*D71+E71*F71+G71*H71+I71*J71
A72: 2 | B72: =B61 | K72: =C72*D72+E72*F72+G72*H72+I72*J72
A73: 3 | B73: =B62 | K73: =C73*D73+E73*F73+G73*H73+I73*J73
A74: 4 | B74: =B63 | K74: =C74*D74+E74*F74+G74*H74+I74*J74
B75: =B64 | K75: =C75*D75+E75*F75+G75*H75+I75*J75
B76: =B65 | K76: =C76*D76+E76*F76+G76*H76+I76*J76
A78: Exercise | F78: Set | G78: Rep | H78: RIR | I78: Tempo | J78: Rest
A79: ='Training Plan 1'!AC12 | F79: ='Training Plan 1'!AD12 | G79: ='Training Plan 1'!AE12 | H79: ='Training Plan 1'!AF12 | I79: ='Training Plan 1'!AG12 | J79: ='Training Plan 1'!AH12
A80: WEEK | B80: DATE | C80: SET 1 | E80: SET 2 | G80: SET 3 | I80: SET 4 | K80: TOTAL VOLUMN | L80: NOTES
C81: REP | D81: LOAD | E81: REP | F81: LOAD | G81: REP | H81: LOAD | I81: REP | J81: LOAD
A82: 1 | B82: =B71 | K82: =C82*D82+E82*F82+G82*H82+I82*J82
A83: 2 | B83: =B72 | K83: =C83*D83+E83*F83+G83*H83+I83*J83
A84: 3 | B84: =B73 | K84: =C84*D84+E84*F84+G84*H84+I84*J84
A85: 4 | B85: =B74 | K85: =C85*D85+E85*F85+G85*H85+I85*J85
K86: =C86*D86+E86*F86+G86*H86+I86*J86
K87: =C87*D87+E87*F87+G87*H87+I87*J87

Sheet 2-A
A1: PHASE 1 | C1: WORKOUT 2-A
A3: Session Check-in
A4: WEEK
A5: 1
A6: 2
A7: 3
A8: 4
A12: Exercise | F12: Set | G12: Rep | H12: RIR | I12: Tempo | J12: Rest
A13: ='Training Plan 1'!H16 | F13: ='Training Plan 1'!I16 | G13: ='Training Plan 1'!J16 | H13: ='Training Plan 1'!K16 | I13: ='Training Plan 1'!L16 | J13: ='Training Plan 1'!M16
A14: WEEK | B14: DATE | C14: SET 1 | E14: SET 2 | G14: SET 3 | I14: SET 4 | K14: TOTAL VOLUMN | L14: NOTES
C15: REP | D15: LOAD | E15: REP | F15: LOAD | G15: REP | H15: LOAD | I15: REP | J15: LOAD
A16: 1 | B16: =B5 | K16: =C16*D16+E16*F16+G16*H16+I16*J16
A17: 2 | B17: =B6 | K17: =C17*D17+E17*F17+G17*H17+I17*J17
A18: 3 | B18: =B7 | K18: =C18*D18+E18*F18+G18*H18+I18*J18
A19: 4 | B19: =B8 | K19: =C19*D19+E19*F19+G19*H19+I19*J19
B20: =B9
B21: =B10
A23: Exercise | F23: Set | G23: Rep | H23: RIR | I23: Tempo | J23: Rest
A24: ='Training Plan 1'!H17 | F24: ='Training Plan 1'!I17 | G24: ='Training Plan 1'!J17 | H24: ='Training Plan 1'!K17 | I24: ='Training Plan 1'!L17 | J24: ='Training Plan 1'!M17
A25: WEEK | B25: DATE | C25: SET 1 | E25: SET 2 | G25: SET 3 | I25: SET 4 | K25: TOTAL VOLUMN | L25: NOTES
C26: REP | D26: LOAD | E26: REP | F26: LOAD | G26: REP | H26: LOAD | I26: REP | J26: LOAD
A27: 1 | B27: =B16 | K27: =C27*D27+E27*F27+G27*H27+I27*J27
A28: 2 | B28: =B17 | K28: =C28*D28+E28*F28+G28*H28+I28*J28
A29: 3 | B29: =B18 | K29: =C29*D29+E29*F29+G29*H29+I29*J29
A30: 4 | B30: =B19 | K30: =C30*D30+E30*F30+G30*H30+I30*J30
B31: =B20
B32: =B21
A34: Exercise | F34: Set | G34: Rep | H34: RIR | I34: Tempo | J34: Rest
A35: ='Training Plan 1'!H18 | F35: ='Training Plan 1'!I18 | G35: ='Training Plan 1'!J18 | H35: ='Training Plan 1'!K18 | I35: ='Training Plan 1'!L18 | J35: ='Training Plan 1'!M18
A36: WEEK | B36: DATE | C36: SET 1 | E36: SET 2 | G36: SET 3 | I36: SET 4 | K36: TOTAL VOLUMN | L36: NOTES
C37: REP | D37: LOAD | E37: REP | F37: LOAD | G37: REP | H37: LOAD | I37: REP | J37: LOAD
A38: 1 | B38: =B27 | K38: =C38*D38+E38*F38+G38*H38+I38*J38
A39: 2 | B39: =B28 | K39: =C39*D39+E39*F39+G39*H39+I39*J39
A40: 3 | B40: =B29 | K40: =C40*D40+E40*F40+G40*H40+I40*J40
A41: 4 | B41: =B30 | K41: =C41*D41+E41*F41+G41*H41+I41*J41
B42: =B31
B43: =B32
A45: Exercise | F45: Set | G45: Rep | H45: RIR | I45: Tempo | J45: Rest
A46: ='Training Plan 1'!H19 | F46: ='Training Plan 1'!I19 | G46: ='Training Plan 1'!J19 | H46: ='Training Plan 1'!K19 | I46: ='Training Plan 1'!L19 | J46: ='Training Plan 1'!M19
A47: WEEK | B47: DATE | C47: SET 1 | E47: SET 2 | G47: SET 3 | I47: SET 4 | K47: TOTAL VOLUMN | L47: NOTES
C48: REP | D48: LOAD | E48: REP | F48: LOAD | G48: REP | H48: LOAD | I48: REP | J48: LOAD
A49: 1 | B49: =B38 | K49: =C49*D49+E49*F49+G49*H49+I49*J49
A50: 2 | B50: =B39 | K50: =C50*D50+E50*F50+G50*H50+I50*J50
A51: 3 | B51: =B40 | K51: =C51*D51+E51*F51+G51*H51+I51*J51
A52: 4 | B52: =B41 | K52: =C52*D52+E52*F52+G52*H52+I52*J52
B53: =B42
B54: =B43
A56: Exercise | F56: Set | G56: Rep | H56: RIR | I56: Tempo | J56: Rest
A57: ='Training Plan 1'!H20 | F57: ='Training Plan 1'!I20 | G57: ='Training Plan 1'!J20 | H57: ='Training Plan 1'!K20 | I57: ='Training Plan 1'!L20 | J57: ='Training Plan 1'!M20
A58: WEEK | B58: DATE | C58: SET 1 | E58: SET 2 | G58: SET 3 | I58: SET 4 | K58: TOTAL VOLUMN | L58: NOTES
C59: REP | D59: LOAD | E59: REP | F59: LOAD | G59: REP | H59: LOAD | I59: REP | J59: LOAD
A60: 1 | B60: =B49 | K60: =C60*D60+E60*F60+G60*H60+I60*J60
A61: 2 | B61: =B50 | K61: =C61*D61+E61*F61+G61*H61+I61*J61
A62: 3 | B62: =B51 | K62: =C62*D62+E62*F62+G62*H62+I62*J62
A63: 4 | B63: =B52 | K63: =C63*D63+E63*F63+G63*H63+I63*J63
B64: =B53
B65: =B54
A67: Exercise | F67: Set | G67: Rep | H67: RIR | I67: Tempo | J67: Rest
A68: ='Training Plan 1'!H21 | F68: ='Training Plan 1'!I21 | G68: ='Training Plan 1'!J21 | H68: ='Training Plan 1'!K21 | I68: ='Training Plan 1'!L21 | J68: ='Training Plan 1'!M21
A69: WEEK | B69: DATE | C69: SET 1 | E69: SET 2 | G69: SET 3 | I69: SET 4 | K69: TOTAL VOLUMN | L69: NOTES
C70: REP | D70: LOAD | E70: REP | F70: LOAD | G70: REP | H70: LOAD | I70: REP | J70: LOAD
A71: 1 | B71: =B60 | K71: =C71*D71+E71*F71+G71*H71+I71*J71
A72: 2 | B72: =B61 | K72: =C72*D72+E72*F72+G72*H72+I72*J72
A73: 3 | B73: =B62 | K73: =C73*D73+E73*F73+G73*H73+I73*J73
A74: 4 | B74: =B63 | K74: =C74*D74+E74*F74+G74*H74+I74*J74
B75: =B64
B76: =B65
A78: Exercise | F78: Set | G78: Rep | H78: RIR | I78: Tempo | J78: Rest
A79: ='Training Plan 1'!H22 | F79: ='Training Plan 1'!I22 | G79: ='Training Plan 1'!J22 | H79: ='Training Plan 1'!K22 | I79: ='Training Plan 1'!L22 | J79: ='Training Plan 1'!M22
A80: WEEK | B80: DATE | C80: SET 1 | E80: SET 2 | G80: SET 3 | I80: SET 4 | K80: TOTAL VOLUMN | L80: NOTES
C81: REP | D81: LOAD | E81: REP | F81: LOAD | G81: REP | H81: LOAD | I81: REP | J81: LOAD
A82: 1 | B82: =B71 | K82: =C82*D82+E82*F82+G82*H82+I82*J82
A83: 2 | B83: =B72 | K83: =C83*D83+E83*F83+G83*H83+I83*J83
A84: 3 | B84: =B73 | K84: =C84*D84+E84*F84+G84*H84+I84*J84
A85: 4 | B85: =B74 | K85: =C85*D85+E85*F85+G85*H85+I85*J85

Sheet 2-B
A1: PHASE 1 | C1: WORKOUT 2-B
A3: Session Check-in
A4: WEEK
A5: 1
A6: 2
A7: 3
A8: 4
A12: Exercise | F12: Set | G12: Rep | H12: RIR | I12: Tempo | J12: Rest
A13: ='Training Plan 1'!O16 | F13: ='Training Plan 1'!P16 | G13: ='Training Plan 1'!Q16 | H13: ='Training Plan 1'!R16 | I13: ='Training Plan 1'!S16 | J13: ='Training Plan 1'!T16
A14: WEEK | B14: DATE | C14: SET 1 | E14: SET 2 | G14: SET 3 | I14: SET 4 | K14: TOTAL VOLUMN | L14: NOTES
C15: REP | D15: LOAD | E15: REP | F15: LOAD | G15: REP | H15: LOAD | I15: REP | J15: LOAD
A16: 1 | B16: =B5 | K16: =C16*D16+E16*F16+G16*H16+I16*J16
A17: 2 | B17: =B6 | K17: =C17*D17+E17*F17+G17*H17+I17*J17
A18: 3 | B18: =B7 | K18: =C18*D18+E18*F18+G18*H18+I18*J18
A19: 4 | B19: =B8 | K19: =C19*D19+E19*F19+G19*H19+I19*J19
B20: =B9
B21: =B10
A23: Exercise | F23: Set | G23: Rep | H23: RIR | I23: Tempo | J23: Rest
A24: ='Training Plan 1'!O17 | F24: ='Training Plan 1'!P17 | G24: ='Training Plan 1'!Q17 | H24: ='Training Plan 1'!R17 | I24: ='Training Plan 1'!S17 | J24: ='Training Plan 1'!T17
A25: WEEK | B25: DATE | C25: SET 1 | E25: SET 2 | G25: SET 3 | I25: SET 4 | K25: TOTAL VOLUMN | L25: NOTES
C26: REP | D26: LOAD | E26: REP | F26: LOAD | G26: REP | H26: LOAD | I26: REP | J26: LOAD
A27: 1 | B27: =B16 | K27: =C27*D27+E27*F27+G27*H27+I27*J27
A28: 2 | B28: =B17 | K28: =C28*D28+E28*F28+G28*H28+I28*J28
A29: 3 | B29: =B18 | K29: =C29*D29+E29*F29+G29*H29+I29*J29
A30: 4 | B30: =B19 | K30: =C30*D30+E30*F30+G30*H30+I30*J30
B31: =B20
B32: =B21
A34: Exercise | F34: Set | G34: Rep | H34: RIR | I34: Tempo | J34: Rest
A35: ='Training Plan 1'!O18 | F35: ='Training Plan 1'!P18 | G35: ='Training Plan 1'!Q18 | H35: ='Training Plan 1'!R18 | I35: ='Training Plan 1'!S18 | J35: ='Training Plan 1'!T18
A36: WEEK | B36: DATE | C36: SET 1 | E36: SET 2 | G36: SET 3 | I36: SET 4 | K36: TOTAL VOLUMN | L36: NOTES
C37: REP | D37: LOAD | E37: REP | F37: LOAD | G37: REP | H37: LOAD | I37: REP | J37: LOAD
A38: 1 | B38: =B27 | K38: =C38*D38+E38*F38+G38*H38+I38*J38
A39: 2 | B39: =B28 | K39: =C39*D39+E39*F39+G39*H39+I39*J39
A40: 3 | B40: =B29 | K40: =C40*D40+E40*F40+G40*H40+I40*J40
A41: 4 | B41: =B30 | K41: =C41*D41+E41*F41+G41*H41+I41*J41
B42: =B31
B43: =B32
A45: Exercise | F45: Set | G45: Rep | H45: RIR | I45: Tempo | J45: Rest
A46: ='Training Plan 1'!O19 | F46: ='Training Plan 1'!P19 | G46: ='Training Plan 1'!Q19 | H46: ='Training Plan 1'!R19 | I46: ='Training Plan 1'!S19 | J46: ='Training Plan 1'!T19
A47: WEEK | B47: DATE | C47: SET 1 | E47: SET 2 | G47: SET 3 | I47: SET 4 | K47: TOTAL VOLUMN | L47: NOTES
C48: REP | D48: LOAD | E48: REP | F48: LOAD | G48: REP | H48: LOAD | I48: REP | J48: LOAD
A49: 1 | B49: =B38 | K49: =C49*D49+E49*F49+G49*H49+I49*J49
A50: 2 | B50: =B39 | K50: =C50*D50+E50*F50+G50*H50+I50*J50
A51: 3 | B51: =B40 | K51: =C51*D51+E51*F51+G51*H51+I51*J51
A52: 4 | B52: =B41 | K52: =C52*D52+E52*F52+G52*H52+I52*J52
B53: =B42
B54: =B43
A56: Exercise | F56: Set | G56: Rep | H56: RIR | I56: Tempo | J56: Rest
A57: ='Training Plan 1'!O20 | F57: ='Training Plan 1'!P20 | G57: ='Training Plan 1'!Q20 | H57: ='Training Plan 1'!R20 | I57: ='Training Plan 1'!S20 | J57: ='Training Plan 1'!T20
A58: WEEK | B58: DATE | C58: SET 1 | E58: SET 2 | G58: SET 3 | I58: SET 4 | K58: TOTAL VOLUMN | L58: NOTES
C59: REP | D59: LOAD | E59: REP | F59: LOAD | G59: REP | H59: LOAD | I59: REP | J59: LOAD
A60: 1 | B60: =B49 | K60: =C60*D60+E60*F60+G60*H60+I60*J60
A61: 2 | B61: =B50 | K61: =C61*D61+E61*F61+G61*H61+I61*J61
A62: 3 | B62: =B51 | K62: =C62*D62+E62*F62+G62*H62+I62*J62
A63: 4 | B63: =B52 | K63: =C63*D63+E63*F63+G63*H63+I63*J63
B64: =B53
B65: =B54
A67: Exercise | F67: Set | G67: Rep | H67: RIR | I67: Tempo | J67: Rest
A68: ='Training Plan 1'!O21 | F68: ='Training Plan 1'!P21 | G68: ='Training Plan 1'!Q21 | H68: ='Training Plan 1'!R21 | I68: ='Training Plan 1'!S21 | J68: ='Training Plan 1'!T21
A69: WEEK | B69: DATE | C69: SET 1 | E69: SET 2 | G69: SET 3 | I69: SET 4 | K69: TOTAL VOLUMN | L69: NOTES
C70: REP | D70: LOAD | E70: REP | F70: LOAD | G70: REP | H70: LOAD | I70: REP | J70: LOAD
A71: 1 | B71: =B60 | K71: =C71*D71+E71*F71+G71*H71+I71*J71
A72: 2 | B72: =B61 | K72: =C72*D72+E72*F72+G72*H72+I72*J72
A73: 3 | B73: =B62 | K73: =C73*D73+E73*F73+G73*H73+I73*J73
A74: 4 | B74: =B63 | K74: =C74*D74+E74*F74+G74*H74+I74*J74
B75: =B64
B76: =B65
A78: Exercise | F78: Set | G78: Rep | H78: RIR | I78: Tempo | J78: Rest
A79: ='Training Plan 1'!O22 | F79: ='Training Plan 1'!P22 | G79: ='Training Plan 1'!Q22 | H79: ='Training Plan 1'!R22 | I79: ='Training Plan 1'!S22 | J79: ='Training Plan 1'!T22
A80: WEEK | B80: DATE | C80: SET 1 | E80: SET 2 | G80: SET 3 | I80: SET 4 | K80: TOTAL VOLUMN | L80: NOTES
C81: REP | D81: LOAD | E81: REP | F81: LOAD | G81: REP | H81: LOAD | I81: REP | J81: LOAD
A82: 1 | B82: =B71 | K82: =C82*D82+E82*F82+G82*H82+I82*J82
A83: 2 | B83: =B72 | K83: =C83*D83+E83*F83+G83*H83+I83*J83
A84: 3 | B84: =B73 | K84: =C84*D84+E84*F84+G84*H84+I84*J84
A85: 4 | B85: =B74 | K85: =C85*D85+E85*F85+G85*H85+I85*J85

Sheet 2-C
A1: PHASE 1 | C1: WORKOUT 2-C
A3: Session Check-in
A4: WEEK
A5: 1
A6: 2
A7: 3
A8: 4
A12: Exercise | F12: Set | G12: Rep | H12: RIR | I12: Tempo | J12: Rest
A13: ='Training Plan 1'!V16 | F13: ='Training Plan 1'!W16 | G13: ='Training Plan 1'!X16 | H13: ='Training Plan 1'!Y16 | I13: ='Training Plan 1'!Z16 | J13: ='Training Plan 1'!AA16
A14: WEEK | B14: DATE | C14: SET 1 | E14: SET 2 | G14: SET 3 | I14: SET 4 | K14: TOTAL VOLUMN | L14: NOTES
C15: REP | D15: LOAD | E15: REP | F15: LOAD | G15: REP | H15: LOAD | I15: REP | J15: LOAD
A16: 1 | B16: =B5 | K16: =C16*D16+E16*F16+G16*H16+I16*J16
A17: 2 | B17: =B6 | K17: =C17*D17+E17*F17+G17*H17+I17*J17
A18: 3 | B18: =B7 | K18: =C18*D18+E18*F18+G18*H18+I18*J18
A19: 4 | B19: =B8 | K19: =C19*D19+E19*F19+G19*H19+I19*J19
B20: =B9
B21: =B10
A23: Exercise | F23: Set | G23: Rep | H23: RIR | I23: Tempo | J23: Rest
A24: ='Training Plan 1'!V17 | F24: ='Training Plan 1'!W17 | G24: ='Training Plan 1'!X17 | H24: ='Training Plan 1'!Y17 | I24: ='Training Plan 1'!Z17 | J24: ='Training Plan 1'!AA17
A25: WEEK | B25: DATE | C25: SET 1 | E25: SET 2 | G25: SET 3 | I25: SET 4 | K25: TOTAL VOLUMN | L25: NOTES
C26: REP | D26: LOAD | E26: REP | F26: LOAD | G26: REP | H26: LOAD | I26: REP | J26: LOAD
A27: 1 | B27: =B16 | K27: =C27*D27+E27*F27+G27*H27+I27*J27
A28: 2 | B28: =B17 | K28: =C28*D28+E28*F28+G28*H28+I28*J28
A29: 3 | B29: =B18 | K29: =C29*D29+E29*F29+G29*H29+I29*J29
A30: 4 | B30: =B19 | K30: =C30*D30+E30*F30+G30*H30+I30*J30
B31: =B20
B32: =B21
A34: Exercise | F34: Set | G34: Rep | H34: RIR | I34: Tempo | J34: Rest
A35: ='Training Plan 1'!V18 | F35: ='Training Plan 1'!W18 | G35: ='Training Plan 1'!X18 | H35: ='Training Plan 1'!Y18 | I35: ='Training Plan 1'!Z18 | J35: ='Training Plan 1'!AA18
A36: WEEK | B36: DATE | C36: SET 1 | E36: SET 2 | G36: SET 3 | I36: SET 4 | K36: TOTAL VOLUMN | L36: NOTES
C37: REP | D37: LOAD | E37: REP | F37: LOAD | G37: REP | H37: LOAD | I37: REP | J37: LOAD
A38: 1 | B38: =B27 | K38: =C38*D38+E38*F38+G38*H38+I38*J38
A39: 2 | B39: =B28 | K39: =C39*D39+E39*F39+G39*H39+I39*J39
A40: 3 | B40: =B29 | K40: =C40*D40+E40*F40+G40*H40+I40*J40
A41: 4 | B41: =B30 | K41: =C41*D41+E41*F41+G41*H41+I41*J41
B42: =B31
B43: =B32
A45: Exercise | F45: Set | G45: Rep | H45: RIR | I45: Tempo | J45: Rest
A46: ='Training Plan 1'!V19 | F46: ='Training Plan 1'!W19 | G46: ='Training Plan 1'!X19 | H46: ='Training Plan 1'!Y19 | I46: ='Training Plan 1'!Z19 | J46: ='Training Plan 1'!AA19
A47: WEEK | B47: DATE | C47: SET 1 | E47: SET 2 | G47: SET 3 | I47: SET 4 | K47: TOTAL VOLUMN | L47: NOTES
C48: REP | D48: LOAD | E48: REP | F48: LOAD | G48: REP | H48: LOAD | I48: REP | J48: LOAD
A49: 1 | B49: =B38 | K49: =C49*D49+E49*F49+G49*H49+I49*J49
A50: 2 | B50: =B39 | K50: =C50*D50+E50*F50+G50*H50+I50*J50
A51: 3 | B51: =B40 | K51: =C51*D51+E51*F51+G51*H51+I51*J51
A52: 4 | B52: =B41 | K52: =C52*D52+E52*F52+G52*H52+I52*J52
B53: =B42
B54: =B43
A56: Exercise | F56: Set | G56: Rep | H56: RIR | I56: Tempo | J56: Rest
A57: ='Training Plan 1'!V20 | F57: ='Training Plan 1'!W20 | G57: ='Training Plan 1'!X20 | H57: ='Training Plan 1'!Y20 | I57: ='Training Plan 1'!Z20 | J57: ='Training Plan 1'!AA20
A58: WEEK | B58: DATE | C58: SET 1 | E58: SET 2 | G58: SET 3 | I58: SET 4 | K58: TOTAL VOLUMN | L58: NOTES
C59: REP | D59: LOAD | E59: REP | F59: LOAD | G59: REP | H59: LOAD | I59: REP | J59: LOAD
A60: 1 | B60: =B49 | K60: =C60*D60+E60*F60+G60*H60+I60*J60
A61: 2 | B61: =B50 | K61: =C61*D61+E61*F61+G61*H61+I61*J61
A62: 3 | B62: =B51 | K62: =C62*D62+E62*F62+G62*H62+I62*J62
A63: 4 | B63: =B52 | K63: =C63*D63+E63*F63+G63*H63+I63*J63
B64: =B53
B65: =B54
A67: Exercise | F67: Set | G67: Rep | H67: RIR | I67: Tempo | J67: Rest
A68: ='Training Plan 1'!V21 | F68: ='Training Plan 1'!W21 | G68: ='Training Plan 1'!X21 | H68: ='Training Plan 1'!Y21 | I68: ='Training Plan 1'!Z21 | J68: ='Training Plan 1'!AA21
A69: WEEK | B69: DATE | C69: SET 1 | E69: SET 2 | G69: SET 3 | I69: SET 4 | K69: TOTAL VOLUMN | L69: NOTES
C70: REP | D70: LOAD | E70: REP | F70: LOAD | G70: REP | H70: LOAD | I70: REP | J70: LOAD
A71: 1 | B71: =B60 | K71: =C71*D71+E71*F71+G71*H71+I71*J71
A72: 2 | B72: =B61 | K72: =C72*D72+E72*F72+G72*H72+I72*J72
A73: 3 | B73: =B62 | K73: =C73*D73+E73*F73+G73*H73+I73*J73
A74: 4 | B74: =B63 | K74: =C74*D74+E74*F74+G74*H74+I74*J74
B75: =B64
B76: =B65
A78: Exercise | F78: Set | G78: Rep | H78: RIR | I78: Tempo | J78: Rest
A79: ='Training Plan 1'!V22 | F79: ='Training Plan 1'!W22 | G79: ='Training Plan 1'!X22 | H79: ='Training Plan 1'!Y22 | I79: ='Training Plan 1'!Z22 | J79: ='Training Plan 1'!AA22
A80: WEEK | B80: DATE | C80: SET 1 | E80: SET 2 | G80: SET 3 | I80: SET 4 | K80: TOTAL VOLUMN | L80: NOTES
C81: REP | D81: LOAD | E81: REP | F81: LOAD | G81: REP | H81: LOAD | I81: REP | J81: LOAD
A82: 1 | B82: =B71 | K82: =C82*D82+E82*F82+G82*H82+I82*J82
A83: 2 | B83: =B72 | K83: =C83*D83+E83*F83+G83*H83+I83*J83
A84: 3 | B84: =B73 | K84: =C84*D84+E84*F84+G84*H84+I84*J84
A85: 4 | B85: =B74 | K85: =C85*D85+E85*F85+G85*H85+I85*J85

Sheet 2-D
A1: PHASE 1 | C1: WORKOUT 2-D
A3: Session Check-in
A4: WEEK
A5: 1
A6: 2
A7: 3
A8: 4
A12: Exercise | F12: Set | G12: Rep | H12: RIR | I12: Tempo | J12: Rest
A13: ='Training Plan 1'!AC16 | F13: ='Training Plan 1'!AD16 | G13: ='Training Plan 1'!AE16 | H13: ='Training Plan 1'!AF16 | I13: ='Training Plan 1'!AG16 | J13: ='Training Plan 1'!AH16
A14: WEEK | B14: DATE | C14: SET 1 | E14: SET 2 | G14: SET 3 | I14: SET 4 | K14: TOTAL VOLUMN | L14: NOTES
C15: REP | D15: LOAD | E15: REP | F15: LOAD | G15: REP | H15: LOAD | I15: REP | J15: LOAD
A16: 1 | B16: =B5 | K16: =C16*D16+E16*F16+G16*H16+I16*J16
A17: 2 | B17: =B6 | K17: =C17*D17+E17*F17+G17*H17+I17*J17
A18: 3 | B18: =B7 | K18: =C18*D18+E18*F18+G18*H18+I18*J18
A19: 4 | B19: =B8 | K19: =C19*D19+E19*F19+G19*H19+I19*J19
B20: =B9
B21: =B10
A23: Exercise | F23: Set | G23: Rep | H23: RIR | I23: Tempo | J23: Rest
A24: ='Training Plan 1'!AC17 | F24: ='Training Plan 1'!AD17 | G24: ='Training Plan 1'!AE17 | H24: ='Training Plan 1'!AF17 | I24: ='Training Plan 1'!AG17 | J24: ='Training Plan 1'!AH17
A25: WEEK | B25: DATE | C25: SET 1 | E25: SET 2 | G25: SET 3 | I25: SET 4 | K25: TOTAL VOLUMN | L25: NOTES
C26: REP | D26: LOAD | E26: REP | F26: LOAD | G26: REP | H26: LOAD | I26: REP | J26: LOAD
A27: 1 | B27: =B16 | K27: =C27*D27+E27*F27+G27*H27+I27*J27
A28: 2 | B28: =B17 | K28: =C28*D28+E28*F28+G28*H28+I28*J28
A29: 3 | B29: =B18 | K29: =C29*D29+E29*F29+G29*H29+I29*J29
A30: 4 | B30: =B19 | K30: =C30*D30+E30*F30+G30*H30+I30*J30
B31: =B20
B32: =B21
A34: Exercise | F34: Set | G34: Rep | H34: RIR | I34: Tempo | J34: Rest
A35: ='Training Plan 1'!AD18 | F35: ='Training Plan 1'!AD18 | G35: ='Training Plan 1'!AE18 | H35: ='Training Plan 1'!AF18 | I35: ='Training Plan 1'!AG18 | J35: ='Training Plan 1'!AH18
A36: WEEK | B36: DATE | C36: SET 1 | E36: SET 2 | G36: SET 3 | I36: SET 4 | K36: TOTAL VOLUMN | L36: NOTES
C37: REP | D37: LOAD | E37: REP | F37: LOAD | G37: REP | H37: LOAD | I37: REP | J37: LOAD
A38: 1 | B38: =B27 | K38: =C38*D38+E38*F38+G38*H38+I38*J38
A39: 2 | B39: =B28 | K39: =C39*D39+E39*F39+G39*H39+I39*J39
A40: 3 | B40: =B29 | K40: =C40*D40+E40*F40+G40*H40+I40*J40
A41: 4 | B41: =B30 | K41: =C41*D41+E41*F41+G41*H41+I41*J41
B42: =B31
B43: =B32
A45: Exercise | F45: Set | G45: Rep | H45: RIR | I45: Tempo | J45: Rest
A46: ='Training Plan 1'!AC19 | F46: ='Training Plan 1'!AD19 | G46: ='Training Plan 1'!AE19 | H46: ='Training Plan 1'!AF19 | I46: ='Training Plan 1'!AG19 | J46: ='Training Plan 1'!AH19
A47: WEEK | B47: DATE | C47: SET 1 | E47: SET 2 | G47: SET 3 | I47: SET 4 | K47: TOTAL VOLUMN | L47: NOTES
C48: REP | D48: LOAD | E48: REP | F48: LOAD | G48: REP | H48: LOAD | I48: REP | J48: LOAD
A49: 1 | B49: =B38 | K49: =C49*D49+E49*F49+G49*H49+I49*J49
A50: 2 | B50: =B39 | K50: =C50*D50+E50*F50+G50*H50+I50*J50
A51: 3 | B51: =B40 | K51: =C51*D51+E51*F51+G51*H51+I51*J51
A52: 4 | B52: =B41 | K52: =C52*D52+E52*F52+G52*H52+I52*J52
B53: =B42
B54: =B43
A56: Exercise | F56: Set | G56: Rep | H56: RIR | I56: Tempo | J56: Rest
A57: ='Training Plan 1'!AC20 | F57: ='Training Plan 1'!AD20 | G57: ='Training Plan 1'!AE20 | H57: ='Training Plan 1'!AF20 | I57: ='Training Plan 1'!AG20 | J57: ='Training Plan 1'!AH20
A58: WEEK | B58: DATE | C58: SET 1 | E58: SET 2 | G58: SET 3 | I58: SET 4 | K58: TOTAL VOLUMN | L58: NOTES
C59: REP | D59: LOAD | E59: REP | F59: LOAD | G59: REP | H59: LOAD | I59: REP | J59: LOAD
A60: 1 | B60: =B49 | K60: =C60*D60+E60*F60+G60*H60+I60*J60
A61: 2 | B61: =B50 | K61: =C61*D61+E61*F61+G61*H61+I61*J61
A62: 3 | B62: =B51 | K62: =C62*D62+E62*F62+G62*H62+I62*J62
A63: 4 | B63: =B52 | K63: =C63*D63+E63*F63+G63*H63+I63*J63
B64: =B53
B65: =B54
A67: Exercise | F67: Set | G67: Rep | H67: RIR | I67: Tempo | J67: Rest
A68: ='Training Plan 1'!AC21 | F68: ='Training Plan 1'!AD21 | G68: ='Training Plan 1'!AE21 | H68: ='Training Plan 1'!AF21 | I68: ='Training Plan 1'!AG21 | J68: ='Training Plan 1'!AH21
A69: WEEK | B69: DATE | C69: SET 1 | E69: SET 2 | G69: SET 3 | I69: SET 4 | K69: TOTAL VOLUMN | L69: NOTES
C70: REP | D70: LOAD | E70: REP | F70: LOAD | G70: REP | H70: LOAD | I70: REP | J70: LOAD
A71: 1 | B71: =B60 | K71: =C71*D71+E71*F71+G71*H71+I71*J71
A72: 2 | B72: =B61 | K72: =C72*D72+E72*F72+G72*H72+I72*J72
A73: 3 | B73: =B62 | K73: =C73*D73+E73*F73+G73*H73+I73*J73
A74: 4 | B74: =B63 | K74: =C74*D74+E74*F74+G74*H74+I74*J74
B75: =B64
B76: =B65
A78: Exercise | F78: Set | G78: Rep | H78: RIR | I78: Tempo | J78: Rest
A79: ='Training Plan 1'!AC22 | F79: ='Training Plan 1'!AD22 | G79: ='Training Plan 1'!AE22 | H79: ='Training Plan 1'!AF22 | I79: ='Training Plan 1'!AG22 | J79: ='Training Plan 1'!AH22
A80: WEEK | B80: DATE | C80: SET 1 | E80: SET 2 | G80: SET 3 | I80: SET 4 | K80: TOTAL VOLUMN | L80: NOTES
C81: REP | D81: LOAD | E81: REP | F81: LOAD | G81: REP | H81: LOAD | I81: REP | J81: LOAD
A82: 1 | B82: =B71 | K82: =C82*D82+E82*F82+G82*H82+I82*J82
A83: 2 | B83: =B72 | K83: =C83*D83+E83*F83+G83*H83+I83*J83
A84: 3 | B84: =B73 | K84: =C84*D84+E84*F84+G84*H84+I84*J84
A85: 4 | B85: =B74 | K85: =C85*D85+E85*F85+G85*H85+I85*J85

Sheet 3-A
A1: PHASE 1 | C1: WORKOUT 3-A
A3: Session Check-in
A4: WEEK
A5: 1
A6: 2
A7: 3
A8: 4
A12: Exercise | F12: Set | G12: Rep | H12: RIR | I12: Tempo | J12: Rest
A13: ='Training Plan 1'!H26 | F13: ='Training Plan 1'!I26 | G13: ='Training Plan 1'!J26 | H13: ='Training Plan 1'!K26 | I13: ='Training Plan 1'!L26 | J13: ='Training Plan 1'!M26
A14: WEEK | B14: DATE | C14: SET 1 | E14: SET 2 | G14: SET 3 | I14: SET 4 | K14: TOTAL VOLUMN | L14: NOTES
C15: REP | D15: LOAD | E15: REP | F15: LOAD | G15: REP | H15: LOAD | I15: REP | J15: LOAD
A16: 1 | B16: =B5 | K16: =C16*D16+E16*F16+G16*H16+I16*J16
A17: 2 | B17: =B6 | K17: =C17*D17+E17*F17+G17*H17+I17*J17
A18: 3 | B18: =B7 | K18: =C18*D18+E18*F18+G18*H18+I18*J18
A19: 4 | B19: =B8 | K19: =C19*D19+E19*F19+G19*H19+I19*J19
B20: =B9
B21: =B10
A23: Exercise | F23: Set | G23: Rep | H23: RIR | I23: Tempo | J23: Rest
A24: ='Training Plan 1'!H27 | F24: ='Training Plan 1'!I27 | G24: ='Training Plan 1'!J27 | H24: ='Training Plan 1'!K27 | I24: ='Training Plan 1'!L27 | J24: ='Training Plan 1'!M27
A25: WEEK | B25: DATE | C25: SET 1 | E25: SET 2 | G25: SET 3 | I25: SET 4 | K25: TOTAL VOLUMN | L25: NOTES
C26: REP | D26: LOAD | E26: REP | F26: LOAD | G26: REP | H26: LOAD | I26: REP | J26: LOAD
A27: 1 | B27: =B16 | K27: =C27*D27+E27*F27+G27*H27+I27*J27
A28: 2 | B28: =B17 | K28: =C28*D28+E28*F28+G28*H28+I28*J28
A29: 3 | B29: =B18 | K29: =C29*D29+E29*F29+G29*H29+I29*J29
A30: 4 | B30: =B19 | K30: =C30*D30+E30*F30+G30*H30+I30*J30
B31: =B20
B32: =B21
A34: Exercise | F34: Set | G34: Rep | H34: RIR | I34: Tempo | J34: Rest
A35: ='Training Plan 1'!H28 | F35: ='Training Plan 1'!I28 | G35: ='Training Plan 1'!J28 | H35: ='Training Plan 1'!K28 | I35: ='Training Plan 1'!L28 | J35: ='Training Plan 1'!M28
A36: WEEK | B36: DATE | C36: SET 1 | E36: SET 2 | G36: SET 3 | I36: SET 4 | K36: TOTAL VOLUMN | L36: NOTES
C37: REP | D37: LOAD | E37: REP | F37: LOAD | G37: REP | H37: LOAD | I37: REP | J37: LOAD
A38: 1 | B38: =B27 | K38: =C38*D38+E38*F38+G38*H38+I38*J38
A39: 2 | B39: =B28 | K39: =C39*D39+E39*F39+G39*H39+I39*J39
A40: 3 | B40: =B29 | K40: =C40*D40+E40*F40+G40*H40+I40*J40
A41: 4 | B41: =B30 | K41: =C41*D41+E41*F41+G41*H41+I41*J41
B42: =B31
B43: =B32
A45: Exercise | F45: Set | G45: Rep | H45: RIR | I45: Tempo | J45: Rest
A46: ='Training Plan 1'!H29 | F46: ='Training Plan 1'!I29 | G46: ='Training Plan 1'!J29 | H46: ='Training Plan 1'!K29 | I46: ='Training Plan 1'!L29 | J46: ='Training Plan 1'!M29
A47: WEEK | B47: DATE | C47: SET 1 | E47: SET 2 | G47: SET 3 | I47: SET 4 | K47: TOTAL VOLUMN | L47: NOTES
C48: REP | D48: LOAD | E48: REP | F48: LOAD | G48: REP | H48: LOAD | I48: REP | J48: LOAD
A49: 1 | B49: =B38 | K49: =C49*D49+E49*F49+G49*H49+I49*J49
A50: 2 | B50: =B39 | K50: =C50*D50+E50*F50+G50*H50+I50*J50
A51: 3 | B51: =B40 | K51: =C51*D51+E51*F51+G51*H51+I51*J51
A52: 4 | B52: =B41 | K52: =C52*D52+E52*F52+G52*H52+I52*J52
B53: =B42
B54: =B43
A56: Exercise | F56: Set | G56: Rep | H56: RIR | I56: Tempo | J56: Rest
A57: ='Training Plan 1'!H30 | F57: ='Training Plan 1'!I30 | G57: ='Training Plan 1'!J30 | H57: ='Training Plan 1'!K30 | I57: ='Training Plan 1'!L30 | J57: ='Training Plan 1'!M30
A58: WEEK | B58: DATE | C58: SET 1 | E58: SET 2 | G58: SET 3 | I58: SET 4 | K58: TOTAL VOLUMN | L58: NOTES
C59: REP | D59: LOAD | E59: REP | F59: LOAD | G59: REP | H59: LOAD | I59: REP | J59: LOAD
A60: 1 | B60: =B49 | K60: =C60*D60+E60*F60+G60*H60+I60*J60
A61: 2 | B61: =B50 | K61: =C61*D61+E61*F61+G61*H61+I61*J61
A62: 3 | B62: =B51 | K62: =C62*D62+E62*F62+G62*H62+I62*J62
A63: 4 | B63: =B52 | K63: =C63*D63+E63*F63+G63*H63+I63*J63
B64: =B53
B65: =B54
A67: Exercise | F67: Set | G67: Rep | H67: RIR | I67: Tempo | J67: Rest
A68: ='Training Plan 1'!H31 | F68: ='Training Plan 1'!I31 | G68: ='Training Plan 1'!J31 | H68: ='Training Plan 1'!K31 | I68: ='Training Plan 1'!L31 | J68: ='Training Plan 1'!M31
A69: WEEK | B69: DATE | C69: SET 1 | E69: SET 2 | G69: SET 3 | I69: SET 4 | K69: TOTAL VOLUMN | L69: NOTES
C70: REP | D70: LOAD | E70: REP | F70: LOAD | G70: REP | H70: LOAD | I70: REP | J70: LOAD
A71: 1 | B71: =B60 | K71: =C71*D71+E71*F71+G71*H71+I71*J71
A72: 2 | B72: =B61 | K72: =C72*D72+E72*F72+G72*H72+I72*J72
A73: 3 | B73: =B62 | K73: =C73*D73+E73*F73+G73*H73+I73*J73
A74: 4 | B74: =B63 | K74: =C74*D74+E74*F74+G74*H74+I74*J74
B75: =B64
B76: =B65
A78: Exercise | F78: Set | G78: Rep | H78: RIR | I78: Tempo | J78: Rest
A79: ='Training Plan 1'!H32 | F79: ='Training Plan 1'!I32 | G79: ='Training Plan 1'!J32 | H79: ='Training Plan 1'!K32 | I79: ='Training Plan 1'!L32 | J79: ='Training Plan 1'!M32
A80: WEEK | B80: DATE | C80: SET 1 | E80: SET 2 | G80: SET 3 | I80: SET 4 | K80: TOTAL VOLUMN | L80: NOTES
C81: REP | D81: LOAD | E81: REP | F81: LOAD | G81: REP | H81: LOAD | I81: REP | J81: LOAD
A82: 1 | B82: =B71 | K82: =C82*D82+E82*F82+G82*H82+I82*J82
A83: 2 | B83: =B72 | K83: =C83*D83+E83*F83+G83*H83+I83*J83
A84: 3 | B84: =B73 | K84: =C84*D84+E84*F84+G84*H84+I84*J84
A85: 4 | B85: =B74 | K85: =C85*D85+E85*F85+G85*H85+I85*J85

Sheet 3-B
A1: PHASE 1 | C1: WORKOUT 3-B
A3: Session Check-in
A4: WEEK
A5: 1
A6: 2
A7: 3
A8: 4
A12: Exercise | F12: Set | G12: Rep | H12: RIR | I12: Tempo | J12: Rest
A13: ='Training Plan 1'!O26 | F13: ='Training Plan 1'!P26 | G13: ='Training Plan 1'!Q26 | H13: ='Training Plan 1'!R26 | I13: ='Training Plan 1'!S26 | J13: ='Training Plan 1'!T26
A14: WEEK | B14: DATE | C14: SET 1 | E14: SET 2 | G14: SET 3 | I14: SET 4 | K14: TOTAL VOLUMN | L14: NOTES
C15: REP | D15: LOAD | E15: REP | F15: LOAD | G15: REP | H15: LOAD | I15: REP | J15: LOAD
A16: 1 | B16: =B5 | K16: =C16*D16+E16*F16+G16*H16+I16*J16
A17: 2 | B17: =B6 | K17: =C17*D17+E17*F17+G17*H17+I17*J17
A18: 3 | B18: =B7 | K18: =C18*D18+E18*F18+G18*H18+I18*J18
A19: 4 | B19: =B8 | K19: =C19*D19+E19*F19+G19*H19+I19*J19
B20: =B9
B21: =B10
A23: Exercise | F23: Set | G23: Rep | H23: RIR | I23: Tempo | J23: Rest
A24: ='Training Plan 1'!O27 | F24: ='Training Plan 1'!P27 | G24: ='Training Plan 1'!Q27 | H24: ='Training Plan 1'!R27 | I24: ='Training Plan 1'!S27 | J24: ='Training Plan 1'!T27
A25: WEEK | B25: DATE | C25: SET 1 | E25: SET 2 | G25: SET 3 | I25: SET 4 | K25: TOTAL VOLUMN | L25: NOTES
C26: REP | D26: LOAD | E26: REP | F26: LOAD | G26: REP | H26: LOAD | I26: REP | J26: LOAD
A27: 1 | B27: =B16 | K27: =C27*D27+E27*F27+G27*H27+I27*J27
A28: 2 | B28: =B17 | K28: =C28*D28+E28*F28+G28*H28+I28*J28
A29: 3 | B29: =B18 | K29: =C29*D29+E29*F29+G29*H29+I29*J29
A30: 4 | B30: =B19 | K30: =C30*D30+E30*F30+G30*H30+I30*J30
B31: =B20
B32: =B21
A34: Exercise | F34: Set | G34: Rep | H34: RIR | I34: Tempo | J34: Rest
A35: ='Training Plan 1'!O28 | F35: ='Training Plan 1'!P28 | G35: ='Training Plan 1'!Q28 | H35: ='Training Plan 1'!R28 | I35: ='Training Plan 1'!S28 | J35: ='Training Plan 1'!T28
A36: WEEK | B36: DATE | C36: SET 1 | E36: SET 2 | G36: SET 3 | I36: SET 4 | K36: TOTAL VOLUMN | L36: NOTES
C37: REP | D37: LOAD | E37: REP | F37: LOAD | G37: REP | H37: LOAD | I37: REP | J37: LOAD
A38: 1 | B38: =B27 | K38: =C38*D38+E38*F38+G38*H38+I38*J38
A39: 2 | B39: =B28 | K39: =C39*D39+E39*F39+G39*H39+I39*J39
A40: 3 | B40: =B29 | K40: =C40*D40+E40*F40+G40*H40+I40*J40
A41: 4 | B41: =B30 | K41: =C41*D41+E41*F41+G41*H41+I41*J41
B42: =B31
B43: =B32
A45: Exercise | F45: Set | G45: Rep | H45: RIR | I45: Tempo | J45: Rest
A46: ='Training Plan 1'!O29 | F46: ='Training Plan 1'!P29 | G46: ='Training Plan 1'!Q29 | H46: ='Training Plan 1'!R29 | I46: ='Training Plan 1'!S29 | J46: ='Training Plan 1'!T29
A47: WEEK | B47: DATE | C47: SET 1 | E47: SET 2 | G47: SET 3 | I47: SET 4 | K47: TOTAL VOLUMN | L47: NOTES
C48: REP | D48: LOAD | E48: REP | F48: LOAD | G48: REP | H48: LOAD | I48: REP | J48: LOAD
A49: 1 | B49: =B38 | K49: =C49*D49+E49*F49+G49*H49+I49*J49
A50: 2 | B50: =B39 | K50: =C50*D50+E50*F50+G50*H50+I50*J50
A51: 3 | B51: =B40 | K51: =C51*D51+E51*F51+G51*H51+I51*J51
A52: 4 | B52: =B41 | K52: =C52*D52+E52*F52+G52*H52+I52*J52
B53: =B42
B54: =B43
A56: Exercise | F56: Set | G56: Rep | H56: RIR | I56: Tempo | J56: Rest
A57: ='Training Plan 1'!O30 | F57: ='Training Plan 1'!P30 | G57: ='Training Plan 1'!Q30 | H57: ='Training Plan 1'!R30 | I57: ='Training Plan 1'!S30 | J57: ='Training Plan 1'!T30
A58: WEEK | B58: DATE | C58: SET 1 | E58: SET 2 | G58: SET 3 | I58: SET 4 | K58: TOTAL VOLUMN | L58: NOTES
C59: REP | D59: LOAD | E59: REP | F59: LOAD | G59: REP | H59: LOAD | I59: REP | J59: LOAD
A60: 1 | B60: =B49 | K60: =C60*D60+E60*F60+G60*H60+I60*J60
A61: 2 | B61: =B50 | K61: =C61*D61+E61*F61+G61*H61+I61*J61
A62: 3 | B62: =B51 | K62: =C62*D62+E62*F62+G62*H62+I62*J62
A63: 4 | B63: =B52 | K63: =C63*D63+E63*F63+G63*H63+I63*J63
B64: =B53
B65: =B54
A67: Exercise | F67: Set | G67: Rep | H67: RIR | I67: Tempo | J67: Rest
A68: ='Training Plan 1'!O31 | F68: ='Training Plan 1'!P31 | G68: ='Training Plan 1'!Q31 | H68: ='Training Plan 1'!R31 | I68: ='Training Plan 1'!S31 | J68: ='Training Plan 1'!T31
A69: WEEK | B69: DATE | C69: SET 1 | E69: SET 2 | G69: SET 3 | I69: SET 4 | K69: TOTAL VOLUMN | L69: NOTES
C70: REP | D70: LOAD | E70: REP | F70: LOAD | G70: REP | H70: LOAD | I70: REP | J70: LOAD
A71: 1 | B71: =B60 | K71: =C71*D71+E71*F71+G71*H71+I71*J71
A72: 2 | B72: =B61 | K72: =C72*D72+E72*F72+G72*H72+I72*J72
A73: 3 | B73: =B62 | K73: =C73*D73+E73*F73+G73*H73+I73*J73
A74: 4 | B74: =B63 | K74: =C74*D74+E74*F74+G74*H74+I74*J74
B75: =B64
B76: =B65
A78: Exercise | F78: Set | G78: Rep | H78: RIR | I78: Tempo | J78: Rest
A79: ='Training Plan 1'!O32 | F79: ='Training Plan 1'!P32 | G79: ='Training Plan 1'!Q32 | H79: ='Training Plan 1'!R32 | I79: ='Training Plan 1'!S32 | J79: ='Training Plan 1'!T32
A80: WEEK | B80: DATE | C80: SET 1 | E80: SET 2 | G80: SET 3 | I80: SET 4 | K80: TOTAL VOLUMN | L80: NOTES
C81: REP | D81: LOAD | E81: REP | F81: LOAD | G81: REP | H81: LOAD | I81: REP | J81: LOAD
A82: 1 | B82: =B71 | K82: =C82*D82+E82*F82+G82*H82+I82*J82
A83: 2 | B83: =B72 | K83: =C83*D83+E83*F83+G83*H83+I83*J83
A84: 3 | B84: =B73 | K84: =C84*D84+E84*F84+G84*H84+I84*J84
A85: 4 | B85: =B74 | K85: =C85*D85+E85*F85+G85*H85+I85*J85

Sheet 3-C
A1: PHASE 1 | C1: WORKOUT 3-C
A3: Session Check-in
A4: WEEK
A5: 1
A6: 2
A7: 3
A8: 4
A12: Exercise | F12: Set | G12: Rep | H12: RIR | I12: Tempo | J12: Rest
A13: ='Training Plan 1'!V26 | F13: ='Training Plan 1'!W26 | G13: ='Training Plan 1'!X26 | H13: ='Training Plan 1'!Y26 | I13: ='Training Plan 1'!Z26 | J13: ='Training Plan 1'!AA26
A14: WEEK | B14: DATE | C14: SET 1 | E14: SET 2 | G14: SET 3 | I14: SET 4 | K14: TOTAL VOLUMN | L14: NOTES
C15: REP | D15: LOAD | E15: REP | F15: LOAD | G15: REP | H15: LOAD | I15: REP | J15: LOAD
A16: 1 | B16: =B5 | K16: =C16*D16+E16*F16+G16*H16+I16*J16
A17: 2 | B17: =B6 | K17: =C17*D17+E17*F17+G17*H17+I17*J17
A18: 3 | B18: =B7 | K18: =C18*D18+E18*F18+G18*H18+I18*J18
A19: 4 | B19: =B8 | K19: =C19*D19+E19*F19+G19*H19+I19*J19
B20: =B9
B21: =B10
A23: Exercise | F23: Set | G23: Rep | H23: RIR | I23: Tempo | J23: Rest
A24: ='Training Plan 1'!V27 | F24: ='Training Plan 1'!W27 | G24: ='Training Plan 1'!X27 | H24: ='Training Plan 1'!Y27 | I24: ='Training Plan 1'!Z27 | J24: ='Training Plan 1'!AA27
A25: WEEK | B25: DATE | C25: SET 1 | E25: SET 2 | G25: SET 3 | I25: SET 4 | K25: TOTAL VOLUMN | L25: NOTES
C26: REP | D26: LOAD | E26: REP | F26: LOAD | G26: REP | H26: LOAD | I26: REP | J26: LOAD
A27: 1 | B27: =B16 | K27: =C27*D27+E27*F27+G27*H27+I27*J27
A28: 2 | B28: =B17 | K28: =C28*D28+E28*F28+G28*H28+I28*J28
A29: 3 | B29: =B18 | K29: =C29*D29+E29*F29+G29*H29+I29*J29
A30: 4 | B30: =B19 | K30: =C30*D30+E30*F30+G30*H30+I30*J30
B31: =B20
B32: =B21
A34: Exercise | F34: Set | G34: Rep | H34: RIR | I34: Tempo | J34: Rest
A35: ='Training Plan 1'!V28 | F35: ='Training Plan 1'!W28 | G35: ='Training Plan 1'!X28 | H35: ='Training Plan 1'!Y28 | I35: ='Training Plan 1'!Z28 | J35: ='Training Plan 1'!AA28
A36: WEEK | B36: DATE | C36: SET 1 | E36: SET 2 | G36: SET 3 | I36: SET 4 | K36: TOTAL VOLUMN | L36: NOTES
C37: REP | D37: LOAD | E37: REP | F37: LOAD | G37: REP | H37: LOAD | I37: REP | J37: LOAD
A38: 1 | B38: =B27 | K38: =C38*D38+E38*F38+G38*H38+I38*J38
A39: 2 | B39: =B28 | K39: =C39*D39+E39*F39+G39*H39+I39*J39
A40: 3 | B40: =B29 | K40: =C40*D40+E40*F40+G40*H40+I40*J40
A41: 4 | B41: =B30 | K41: =C41*D41+E41*F41+G41*H41+I41*J41
B42: =B31
B43: =B32
A45: Exercise | F45: Set | G45: Rep | H45: RIR | I45: Tempo | J45: Rest
A46: ='Training Plan 1'!V29 | F46: ='Training Plan 1'!W29 | G46: ='Training Plan 1'!X29 | H46: ='Training Plan 1'!Y29 | I46: ='Training Plan 1'!Z29 | J46: ='Training Plan 1'!AA29
A47: WEEK | B47: DATE | C47: SET 1 | E47: SET 2 | G47: SET 3 | I47: SET 4 | K47: TOTAL VOLUMN | L47: NOTES
C48: REP | D48: LOAD | E48: REP | F48: LOAD | G48: REP | H48: LOAD | I48: REP | J48: LOAD
A49: 1 | B49: =B38 | K49: =C49*D49+E49*F49+G49*H49+I49*J49
A50: 2 | B50: =B39 | K50: =C50*D50+E50*F50+G50*H50+I50*J50
A51: 3 | B51: =B40 | K51: =C51*D51+E51*F51+G51*H51+I51*J51
A52: 4 | B52: =B41 | K52: =C52*D52+E52*F52+G52*H52+I52*J52
B53: =B42
B54: =B43
A56: Exercise | F56: Set | G56: Rep | H56: RIR | I56: Tempo | J56: Rest
A57: ='Training Plan 1'!V30 | F57: ='Training Plan 1'!W30 | G57: ='Training Plan 1'!X30 | H57: ='Training Plan 1'!Y30 | I57: ='Training Plan 1'!Z30 | J57: ='Training Plan 1'!AA30
A58: WEEK | B58: DATE | C58: SET 1 | E58: SET 2 | G58: SET 3 | I58: SET 4 | K58: TOTAL VOLUMN | L58: NOTES
C59: REP | D59: LOAD | E59: REP | F59: LOAD | G59: REP | H59: LOAD | I59: REP | J59: LOAD
A60: 1 | B60: =B49 | K60: =C60*D60+E60*F60+G60*H60+I60*J60
A61: 2 | B61: =B50 | K61: =C61*D61+E61*F61+G61*H61+I61*J61
A62: 3 | B62: =B51 | K62: =C62*D62+E62*F62+G62*H62+I62*J62
A63: 4 | B63: =B52 | K63: =C63*D63+E63*F63+G63*H63+I63*J63
B64: =B53
B65: =B54
A67: Exercise | F67: Set | G67: Rep | H67: RIR | I67: Tempo | J67: Rest
A68: ='Training Plan 1'!V31 | F68: ='Training Plan 1'!W31 | G68: ='Training Plan 1'!X31 | H68: ='Training Plan 1'!Y31 | I68: ='Training Plan 1'!Z31 | J68: ='Training Plan 1'!AA31
A69: WEEK | B69: DATE | C69: SET 1 | E69: SET 2 | G69: SET 3 | I69: SET 4 | K69: TOTAL VOLUMN | L69: NOTES
C70: REP | D70: LOAD | E70: REP | F70: LOAD | G70: REP | H70: LOAD | I70: REP | J70: LOAD
A71: 1 | B71: =B60 | K71: =C71*D71+E71*F71+G71*H71+I71*J71
A72: 2 | B72: =B61 | K72: =C72*D72+E72*F72+G72*H72+I72*J72
A73: 3 | B73: =B62 | K73: =C73*D73+E73*F73+G73*H73+I73*J73
A74: 4 | B74: =B63 | K74: =C74*D74+E74*F74+G74*H74+I74*J74
B75: =B64
B76: =B65
A78: Exercise | F78: Set | G78: Rep | H78: RIR | I78: Tempo | J78: Rest
A79: ='Training Plan 1'!V32 | F79: ='Training Plan 1'!W32 | G79: ='Training Plan 1'!X32 | H79: ='Training Plan 1'!Y32 | I79: ='Training Plan 1'!Z32 | J79: ='Training Plan 1'!AA32
A80: WEEK | B80: DATE | C80: SET 1 | E80: SET 2 | G80: SET 3 | I80: SET 4 | K80: TOTAL VOLUMN | L80: NOTES
C81: REP | D81: LOAD | E81: REP | F81: LOAD | G81: REP | H81: LOAD | I81: REP | J81: LOAD
A82: 1 | B82: =B71 | K82: =C82*D82+E82*F82+G82*H82+I82*J82
A83: 2 | B83: =B72 | K83: =C83*D83+E83*F83+G83*H83+I83*J83
A84: 3 | B84: =B73 | K84: =C84*D84+E84*F84+G84*H84+I84*J84
A85: 4 | B85: =B74 | K85: =C85*D85+E85*F85+G85*H85+I85*J85

Sheet 3-D
A1: PHASE 1 | C1: WORKOUT 3-D
A3: Session Check-in
A4: WEEK
A5: 1
A6: 2
A7: 3
A8: 4
A12: Exercise | F12: Set | G12: Rep | H12: RIR | I12: Tempo | J12: Rest
A13: ='Training Plan 1'!AC26 | F13: ='Training Plan 1'!AD26 | G13: ='Training Plan 1'!AE26 | H13: ='Training Plan 1'!AF26 | I13: ='Training Plan 1'!AG26 | J13: ='Training Plan 1'!AH26
A14: WEEK | B14: DATE | C14: SET 1 | E14: SET 2 | G14: SET 3 | I14: SET 4 | K14: TOTAL VOLUMN | L14: NOTES
C15: REP | D15: LOAD | E15: REP | F15: LOAD | G15: REP | H15: LOAD | I15: REP | J15: LOAD
A16: 1 | B16: =B5 | K16: =C16*D16+E16*F16+G16*H16+I16*J16
A17: 2 | B17: =B6 | K17: =C17*D17+E17*F17+G17*H17+I17*J17
A18: 3 | B18: =B7 | K18: =C18*D18+E18*F18+G18*H18+I18*J18
A19: 4 | B19: =B8 | K19: =C19*D19+E19*F19+G19*H19+I19*J19
B20: =B9
B21: =B10
A23: Exercise | F23: Set | G23: Rep | H23: RIR | I23: Tempo | J23: Rest
A24: ='Training Plan 1'!AC27 | F24: ='Training Plan 1'!AD27 | G24: ='Training Plan 1'!AE27 | H24: ='Training Plan 1'!AF27 | I24: ='Training Plan 1'!AG27 | J24: ='Training Plan 1'!AH27
A25: WEEK | B25: DATE | C25: SET 1 | E25: SET 2 | G25: SET 3 | I25: SET 4 | K25: TOTAL VOLUMN | L25: NOTES
C26: REP | D26: LOAD | E26: REP | F26: LOAD | G26: REP | H26: LOAD | I26: REP | J26: LOAD
A27: 1 | B27: =B16 | K27: =C27*D27+E27*F27+G27*H27+I27*J27
A28: 2 | B28: =B17 | K28: =C28*D28+E28*F28+G28*H28+I28*J28
A29: 3 | B29: =B18 | K29: =C29*D29+E29*F29+G29*H29+I29*J29
A30: 4 | B30: =B19 | K30: =C30*D30+E30*F30+G30*H30+I30*J30
B31: =B20
B32: =B21
A34: Exercise | F34: Set | G34: Rep | H34: RIR | I34: Tempo | J34: Rest
A35: ='Training Plan 1'!AC28 | F35: ='Training Plan 1'!AD28 | G35: ='Training Plan 1'!AE28 | H35: ='Training Plan 1'!AF28 | I35: ='Training Plan 1'!AG28 | J35: ='Training Plan 1'!AH28
A36: WEEK | B36: DATE | C36: SET 1 | E36: SET 2 | G36: SET 3 | I36: SET 4 | K36: TOTAL VOLUMN | L36: NOTES
C37: REP | D37: LOAD | E37: REP | F37: LOAD | G37: REP | H37: LOAD | I37: REP | J37: LOAD
A38: 1 | B38: =B27 | K38: =C38*D38+E38*F38+G38*H38+I38*J38
A39: 2 | B39: =B28 | K39: =C39*D39+E39*F39+G39*H39+I39*J39
A40: 3 | B40: =B29 | K40: =C40*D40+E40*F40+G40*H40+I40*J40
A41: 4 | B41: =B30 | K41: =C41*D41+E41*F41+G41*H41+I41*J41
B42: =B31
B43: =B32
A45: Exercise | F45: Set | G45: Rep | H45: RIR | I45: Tempo | J45: Rest
A46: ='Training Plan 1'!AC29 | F46: ='Training Plan 1'!AD29 | G46: ='Training Plan 1'!AE29 | H46: ='Training Plan 1'!AF29 | I46: ='Training Plan 1'!AG29 | J46: ='Training Plan 1'!AH29
A47: WEEK | B47: DATE | C47: SET 1 | E47: SET 2 | G47: SET 3 | I47: SET 4 | K47: TOTAL VOLUMN | L47: NOTES
C48: REP | D48: LOAD | E48: REP | F48: LOAD | G48: REP | H48: LOAD | I48: REP | J48: LOAD
A49: 1 | B49: =B38 | K49: =C49*D49+E49*F49+G49*H49+I49*J49
A50: 2 | B50: =B39 | K50: =C50*D50+E50*F50+G50*H50+I50*J50
A51: 3 | B51: =B40 | K51: =C51*D51+E51*F51+G51*H51+I51*J51
A52: 4 | B52: =B41 | K52: =C52*D52+E52*F52+G52*H52+I52*J52
B53: =B42
B54: =B43
A56: Exercise | F56: Set | G56: Rep | H56: RIR | I56: Tempo | J56: Rest
A57: ='Training Plan 1'!AC30 | F57: ='Training Plan 1'!AD30 | G57: ='Training Plan 1'!AE30 | H57: ='Training Plan 1'!AF30 | I57: ='Training Plan 1'!AG30 | J57: ='Training Plan 1'!AH30
A58: WEEK | B58: DATE | C58: SET 1 | E58: SET 2 | G58: SET 3 | I58: SET 4 | K58: TOTAL VOLUMN | L58: NOTES
C59: REP | D59: LOAD | E59: REP | F59: LOAD | G59: REP | H59: LOAD | I59: REP | J59: LOAD
A60: 1 | B60: =B49 | K60: =C60*D60+E60*F60+G60*H60+I60*J60
A61: 2 | B61: =B50 | K61: =C61*D61+E61*F61+G61*H61+I61*J61
A62: 3 | B62: =B51 | K62: =C62*D62+E62*F62+G62*H62+I62*J62
A63: 4 | B63: =B52 | K63: =C63*D63+E63*F63+G63*H63+I63*J63
B64: =B53
B65: =B54
A67: Exercise | F67: Set | G67: Rep | H67: RIR | I67: Tempo | J67: Rest
A68: ='Training Plan 1'!AC31 | F68: ='Training Plan 1'!AD31 | G68: ='Training Plan 1'!AE31 | H68: ='Training Plan 1'!AF31 | I68: ='Training Plan 1'!AG31 | J68: ='Training Plan 1'!AH31
A69: WEEK | B69: DATE | C69: SET 1 | E69: SET 2 | G69: SET 3 | I69: SET 4 | K69: TOTAL VOLUMN | L69: NOTES
C70: REP | D70: LOAD | E70: REP | F70: LOAD | G70: REP | H70: LOAD | I70: REP | J70: LOAD
A71: 1 | B71: =B60 | K71: =C71*D71+E71*F71+G71*H71+I71*J71
A72: 2 | B72: =B61 | K72: =C72*D72+E72*F72+G72*H72+I72*J72
A73: 3 | B73: =B62 | K73: =C73*D73+E73*F73+G73*H73+I73*J73
A74: 4 | B74: =B63 | K74: =C74*D74+E74*F74+G74*H74+I74*J74
B75: =B64
B76: =B65
A78: Exercise | F78: Set | G78: Rep | H78: RIR | I78: Tempo | J78: Rest
A79: ='Training Plan 1'!AC32 | F79: ='Training Plan 1'!AD32 | G79: ='Training Plan 1'!AE32 | H79: ='Training Plan 1'!AF32 | I79: ='Training Plan 1'!AG32 | J79: ='Training Plan 1'!AH32
A80: WEEK | B80: DATE | C80: SET 1 | E80: SET 2 | G80: SET 3 | I80: SET 4 | K80: TOTAL VOLUMN | L80: NOTES
C81: REP | D81: LOAD | E81: REP | F81: LOAD | G81: REP | H81: LOAD | I81: REP | J81: LOAD
A82: 1 | B82: =B71 | K82: =C82*D82+E82*F82+G82*H82+I82*J82
A83: 2 | B83: =B72 | K83: =C83*D83+E83*F83+G83*H83+I83*J83
A84: 3 | B84: =B73 | K84: =C84*D84+E84*F84+G84*H84+I84*J84
A85: 4 | B85: =B74 | K85: =C85*D85+E85*F85+G85*H85+I85*J85
